データシリーズの情報,,,,,,,,,,,,,,,,,,,
名前:,,,2022_1114_freq 1 to 100_temp 70 to 160 step 10 10,,,,,,,,,,,,,,,,
サンプル:,,,3chain_cat_1%,,,,,,,,,,,,,,,,
使用者:,,,sasaki,,,,,,,,,,,,,,,,
インターバルの数:,,,1,,,,,,,,,,,,,,,,
アプリケーション:,,,RHEOPLUS/32 Multi16 V3.40 21000091-35633,,,,,,,,,,,,,,,,
装置:,,,MCR301 SN82000000; ID80924104; FW3.51D090908; Slot3; Adj17d,,,,,,,,,,,,,,,,
測定日/時間:,,,2022/11/14; 16:32 午後,,,,,,,,,,,,,,,,
測定治具:,,,PP08-SN23708; [d=0.1 mm],,,,,,,,,,,,,,,,
アクセス,,,TU1=CTD600-SN80897712; DevCOM1=TC30-SN80897712,,,,,,,,,,,,,,,,
,,,,,,,,,,,,,,,,,,,
定数の計算:,,,,,,,,,,,,,,,,,,,
- 標準 Csr [min/s]:,,,0.41648094,,,,,,,,,,,,,,,,
- 標準 Css [Pa/mNm]:,,,"10,120.00",,,,,,,,,,,,,,,,
- 開始待機時間 [s]:,,,761.828,,,,,,,,,,,,,,,,
- 物質の密度 [rho]:,,,"1,000",,,,,,,,,,,,,,,,
- 測定のタイプ:,,,1,,,,,,,,,,,,,,,,
- モーター調整係数:,,,1,,,,,,,,,,,,,,,,
,,,,,,,,,,,,,,,,,,,
インターバル:,,,1,,,,,,,,,,,,,,,,
データポイント数:,,,11,,,,,,,,,,,,,,,,
,,,,,,,,,,,,,,,,,,,
時間設定:,,,11 測定点数,,,,,,,,,,,,,,,,
測定条件:,,,,,,,,,,,,,,,,,,,
#NAME?,,,振り角 gamma = 0.1 %,,,,,,,,,,,,,,,,
,,,角周波数 omega = 1 ... 100 rad/s 対数; |傾き| = 5 点 / 桁 ,,,,,,,,,,,,,,,,
  ????????,,,FN = 1 N,,,,,,,,,,,,,,,,
,,,,,,,,,,,,,,,,,,,
測定点数,時間,温度,角周波数,周波数,せん断応力,ひずみ,位相角,複素弾性率,貯蔵弾性率,損失弾性率,複素粘度,損失正接,??????,???,????????,速度,ステータス,緩和弾性率,リフト速度/ギャップ
,[s],[°C],[1/s],[Hz],[Pa],[%],[°],[Pa],[Pa],[Pa],[Pa・s],[1],[mm],[μNm],[N],[μm/s],[],[Pa],[1/s]
1,33.274,160,1.00E+00,0.159,1.90E+03,0.0997,3.35436,1.90E+06,1.90E+06,1.11E+05,"1,900,000",0.0586,1.45,187,0.963,0.418,DSO,******,0.000476
2,57.255,160,1.58E+00,0.252,1.93E+03,0.1,4.15141,1.93E+06,1.92E+06,1.40E+05,"1,220,000",0.0726,1.45,190,1.01,0,DSO,******,0
3,76.12,160.059,2.51E+00,0.4,1.97E+03,0.1,5.10328,1.97E+06,1.96E+06,1.75E+05,"785,000",0.0893,1.45,195,0.999,0.633,DSO,******,0.000473
4,91.078,160,3.98E+00,0.634,2.02E+03,0.1,6.05872,2.02E+06,2.01E+06,2.14E+05,"508,000",0.106,1.45,200,1,0,DSO,******,0
5,103.01,160,6.31E+00,1,2.10E+03,0.1,7.11893,2.10E+06,2.08E+06,2.60E+05,"332,000",0.125,1.45,207,1.05,-0.38,DSO,******,0.000486
6,112.58,160,1.00E+01,1.59,2.19E+03,0.1,7.87967,2.19E+06,2.17E+06,3.00E+05,"219,000",0.138,1.45,216,1.01,0,DSO,******,0
7,120.29,160,1.58E+01,2.52,2.30E+03,0.1,8.30772,2.30E+06,2.27E+06,3.32E+05,"145,000",0.146,1.45,227,0.963,0.707,DSO,******,0.000487
8,126.77,160,2.51E+01,4,2.41E+03,0.1,8.3469,2.41E+06,2.38E+06,3.50E+05,"95,900",0.147,1.45,238,1.02,0,DSO,******,0
9,132.13,160,3.98E+01,6.34,2.54E+03,0.1,8.13616,2.53E+06,2.51E+06,3.58E+05,"63,600",0.143,1.45,251,0.995,0,DSO,******,0
10,141.99,160,6.31E+01,10,2.63E+03,0.1,7.79773,2.63E+06,2.60E+06,3.57E+05,"41,700",0.137,1.45,260,1,0,DSO,******,0
11,154.16,160,1.00E+02,15.9,2.72E+03,0.1,7.4278,2.72E+06,2.69E+06,3.51E+05,"27,200",0.13,1.45,269,1.03,-0.65,DSO,******,0.000447
,,,,,,,,,,,,,,,,,,,
データシリーズの情報,,,,,,,,,,,,,,,,,,,
名前:,,,2022_1114_freq 1 to 100_temp 70 to 160 step 10 9,,,,,,,,,,,,,,,,
サンプル:,,,3chain_cat_1%,,,,,,,,,,,,,,,,
使用者:,,,sasaki,,,,,,,,,,,,,,,,
インターバルの数:,,,1,,,,,,,,,,,,,,,,
アプリケーション:,,,RHEOPLUS/32 Multi16 V3.40 21000091-35633,,,,,,,,,,,,,,,,
装置:,,,MCR301 SN82000000; ID80924104; FW3.51D090908; Slot3; Adj17d,,,,,,,,,,,,,,,,
測定日/時間:,,,2022/11/14; 16:17 午後,,,,,,,,,,,,,,,,
測定治具:,,,PP08-SN23708; [d=0.1 mm],,,,,,,,,,,,,,,,
アクセス,,,TU1=CTD600-SN80897712; DevCOM1=TC30-SN80897712,,,,,,,,,,,,,,,,
,,,,,,,,,,,,,,,,,,,
定数の計算:,,,,,,,,,,,,,,,,,,,
- 標準 Csr [min/s]:,,,0.41648094,,,,,,,,,,,,,,,,
- 標準 Css [Pa/mNm]:,,,"10,120.00",,,,,,,,,,,,,,,,
- 開始待機時間 [s]:,,,758.474,,,,,,,,,,,,,,,,
- 物質の密度 [rho]:,,,"1,000",,,,,,,,,,,,,,,,
- 測定のタイプ:,,,1,,,,,,,,,,,,,,,,
- モーター調整係数:,,,1,,,,,,,,,,,,,,,,
,,,,,,,,,,,,,,,,,,,
インターバル:,,,1,,,,,,,,,,,,,,,,
データポイント数:,,,11,,,,,,,,,,,,,,,,
,,,,,,,,,,,,,,,,,,,
時間設定:,,,11 測定点数,,,,,,,,,,,,,,,,
測定条件:,,,,,,,,,,,,,,,,,,,
#REF!,,,振り角 gamma = 0.1 %,,,,,,,,,,,,,,,,
,,,角周波数 omega = 1 ... 100 rad/s 対数; |傾き| = 5 点 / 桁 ,,,,,,,,,,,,,,,,
  ????????,,,FN = 1 N,,,,,,,,,,,,,,,,
,,,,,,,,,,,,,,,,,,,
測定点数,時間,温度,角周波数,周波数,せん断応力,ひずみ,位相角,複素弾性率,貯蔵弾性率,損失弾性率,複素粘度,損失正接,??????,???,????????,速度,ステータス,緩和弾性率,リフト速度/ギャップ
,[s],[°C],[1/s],[Hz],[Pa],[%],[°],[Pa],[Pa],[Pa],[Pa・s],[1],[mm],[μNm],[N],[μm/s],[],[Pa],[1/s]
1,33.384,150,1.00E+00,0.159,2.01E+03,0.0995,6.2202,2.02E+06,2.01E+06,2.19E+05,"2,020,000",0.109,1.45,199,0.993,0.717,DSO,******,0.000507
2,57.365,150,1.58E+00,0.252,2.08E+03,0.1,7.40089,2.08E+06,2.06E+06,2.68E+05,"1,310,000",0.13,1.45,206,1,0.115,DSO,******,0.0000794
3,76.23,150.1,2.51E+00,0.4,2.16E+03,0.1,8.25141,2.16E+06,2.14E+06,3.10E+05,"861,000",0.145,1.45,214,1.04,0,DSO,******,0
4,91.188,150.1,3.98E+00,0.634,2.28E+03,0.1,9.08808,2.28E+06,2.25E+06,3.61E+05,"574,000",0.16,1.45,226,1.04,0,DSO,******,0
5,103.12,150.1,6.31E+00,1,2.41E+03,0.1,9.34876,2.41E+06,2.38E+06,3.92E+05,"383,000",0.165,1.45,239,1.05,0,DSO,******,0
6,112.69,150,1.00E+01,1.59,2.55E+03,0.1,9.22467,2.55E+06,2.52E+06,4.09E+05,"255,000",0.162,1.45,252,1.02,0,DSO,******,0
7,120.4,150,1.58E+01,2.52,2.69E+03,0.1,8.75286,2.69E+06,2.65E+06,4.09E+05,"169,000",0.154,1.45,265,1.04,0,DSO,******,0
8,126.88,150,2.51E+01,4,2.81E+03,0.0999,8.09547,2.81E+06,2.78E+06,3.96E+05,"112,000",0.142,1.45,277,1.05,-0.436,DSO,******,0.000302
9,132.24,150,3.98E+01,6.34,2.94E+03,0.1,7.39031,2.93E+06,2.91E+06,3.77E+05,"73,600",0.13,1.45,290,1.02,0,DSO,******,0
10,141.77,150,6.31E+01,10,3.03E+03,0.1,6.77985,3.02E+06,3.00E+06,3.57E+05,"47,900",0.119,1.45,299,0.979,1.25,DSO,******,0.000862
11,153.62,150,1.00E+02,15.9,3.10E+03,0.1,6.31379,3.10E+06,3.08E+06,3.41E+05,"31,000",0.111,1.45,307,1.02,0,DSO,******,0
,,,,,,,,,,,,,,,,,,,
データシリーズの情報,,,,,,,,,,,,,,,,,,,
名前:,,,2022_1114_freq 1 to 100_temp 70 to 160 step 10 8,,,,,,,,,,,,,,,,
サンプル:,,,3chain_cat_1%,,,,,,,,,,,,,,,,
使用者:,,,sasaki,,,,,,,,,,,,,,,,
インターバルの数:,,,1,,,,,,,,,,,,,,,,
アプリケーション:,,,RHEOPLUS/32 Multi16 V3.40 21000091-35633,,,,,,,,,,,,,,,,
装置:,,,MCR301 SN82000000; ID80924104; FW3.51D090908; Slot3; Adj17d,,,,,,,,,,,,,,,,
測定日/時間:,,,2022/11/14; 16:01 午後,,,,,,,,,,,,,,,,
測定治具:,,,PP08-SN23708; [d=0.1 mm],,,,,,,,,,,,,,,,
アクセス,,,TU1=CTD600-SN80897712; DevCOM1=TC30-SN80897712,,,,,,,,,,,,,,,,
,,,,,,,,,,,,,,,,,,,
定数の計算:,,,,,,,,,,,,,,,,,,,
- 標準 Csr [min/s]:,,,0.41648094,,,,,,,,,,,,,,,,
- 標準 Css [Pa/mNm]:,,,"10,120.00",,,,,,,,,,,,,,,,
- 開始待機時間 [s]:,,,706.759,,,,,,,,,,,,,,,,
- 物質の密度 [rho]:,,,"1,000",,,,,,,,,,,,,,,,
- 測定のタイプ:,,,1,,,,,,,,,,,,,,,,
- モーター調整係数:,,,1,,,,,,,,,,,,,,,,
,,,,,,,,,,,,,,,,,,,
インターバル:,,,1,,,,,,,,,,,,,,,,
データポイント数:,,,11,,,,,,,,,,,,,,,,
,,,,,,,,,,,,,,,,,,,
時間設定:,,,11 測定点数,,,,,,,,,,,,,,,,
測定条件:,,,,,,,,,,,,,,,,,,,
#REF!,,,振り角 gamma = 0.1 %,,,,,,,,,,,,,,,,
,,,角周波数 omega = 1 ... 100 rad/s 対数; |傾き| = 5 点 / 桁 ,,,,,,,,,,,,,,,,
  ????????,,,FN = 1 N,,,,,,,,,,,,,,,,
,,,,,,,,,,,,,,,,,,,
測定点数,時間,温度,角周波数,周波数,せん断応力,ひずみ,位相角,複素弾性率,貯蔵弾性率,損失弾性率,複素粘度,損失正接,??????,???,????????,速度,ステータス,緩和弾性率,リフト速度/ギャップ
,[s],[°C],[1/s],[Hz],[Pa],[%],[°],[Pa],[Pa],[Pa],[Pa・s],[1],[mm],[μNm],[N],[μm/s],[],[Pa],[1/s]
1,33.398,140,1.00E+00,0.159,2.44E+03,0.0995,8.16847,2.45E+06,2.43E+06,3.48E+05,"2,450,000",0.144,1.44,241,0.997,0.166,DSO,******,0.000579
2,57.379,140,1.58E+00,0.252,2.56E+03,0.1,8.57093,2.56E+06,2.53E+06,3.82E+05,"1,620,000",0.151,1.44,253,1.01,0.0662,DSO,******,0.0000917
3,76.244,140,2.51E+00,0.4,2.71E+03,0.1,8.84828,2.71E+06,2.68E+06,4.17E+05,"1,080,000",0.156,1.44,268,0.972,0.433,DSO,******,0.0003
4,91.202,140,3.98E+00,0.634,2.85E+03,0.1,8.72168,2.85E+06,2.82E+06,4.33E+05,"717,000",0.153,1.44,282,1.02,0,DSO,******,0
5,103.14,140,6.31E+00,1,2.99E+03,0.1,8.00026,2.99E+06,2.97E+06,4.17E+05,"475,000",0.141,1.44,296,0.958,0.525,DSO,******,0.000468
6,112.71,140,1.00E+01,1.59,3.12E+03,0.1,7.1328,3.12E+06,3.09E+06,3.87E+05,"312,000",0.125,1.44,308,1.03,-0.413,DSO,******,0.000495
7,120.41,140.1,1.58E+01,2.52,3.23E+03,0.1,6.15941,3.23E+06,3.21E+06,3.47E+05,"204,000",0.108,1.44,319,1.04,-0.958,DSO,******,0.000708
8,126.89,140,2.51E+01,4,3.32E+03,0.1,5.26471,3.32E+06,3.31E+06,3.05E+05,"132,000",0.0921,1.44,328,1.03,-0.842,DSO,******,0.000732
9,132.25,140.1,3.98E+01,6.34,3.41E+03,0.1,4.47714,3.40E+06,3.39E+06,2.66E+05,"85,500",0.0783,1.44,337,1,0,DSO,******,0
10,141.46,140,6.31E+01,10,3.46E+03,0.1,3.82433,3.45E+06,3.45E+06,2.30E+05,"54,700",0.0668,1.44,342,0.979,0,DSO,******,0
11,153.06,140,1.00E+02,15.9,3.49E+03,0.1,3.36178,3.49E+06,3.48E+06,2.05E+05,"34,900",0.0587,1.44,345,0.984,0,DSO,******,0
,,,,,,,,,,,,,,,,,,,
データシリーズの情報,,,,,,,,,,,,,,,,,,,
名前:,,,2022_1114_freq 1 to 100_temp 70 to 160 step 10 7,,,,,,,,,,,,,,,,
サンプル:,,,3chain_cat_1%,,,,,,,,,,,,,,,,
使用者:,,,sasaki,,,,,,,,,,,,,,,,
インターバルの数:,,,1,,,,,,,,,,,,,,,,
アプリケーション:,,,RHEOPLUS/32 Multi16 V3.40 21000091-35633,,,,,,,,,,,,,,,,
装置:,,,MCR301 SN82000000; ID80924104; FW3.51D090908; Slot3; Adj17d,,,,,,,,,,,,,,,,
測定日/時間:,,,2022/11/14; 15:47 午後,,,,,,,,,,,,,,,,
測定治具:,,,PP08-SN23708; [d=0.1 mm],,,,,,,,,,,,,,,,
アクセス,,,TU1=CTD600-SN80897712; DevCOM1=TC30-SN80897712,,,,,,,,,,,,,,,,
,,,,,,,,,,,,,,,,,,,
定数の計算:,,,,,,,,,,,,,,,,,,,
- 標準 Csr [min/s]:,,,0.41648094,,,,,,,,,,,,,,,,
- 標準 Css [Pa/mNm]:,,,"10,120.00",,,,,,,,,,,,,,,,
- 開始待機時間 [s]:,,,733.186,,,,,,,,,,,,,,,,
- 物質の密度 [rho]:,,,"1,000",,,,,,,,,,,,,,,,
- 測定のタイプ:,,,1,,,,,,,,,,,,,,,,
- モーター調整係数:,,,1,,,,,,,,,,,,,,,,
,,,,,,,,,,,,,,,,,,,
インターバル:,,,1,,,,,,,,,,,,,,,,
データポイント数:,,,11,,,,,,,,,,,,,,,,
,,,,,,,,,,,,,,,,,,,
時間設定:,,,11 測定点数,,,,,,,,,,,,,,,,
測定条件:,,,,,,,,,,,,,,,,,,,
#REF!,,,振り角 gamma = 0.1 %,,,,,,,,,,,,,,,,
,,,角周波数 omega = 1 ... 100 rad/s 対数; |傾き| = 5 点 / 桁 ,,,,,,,,,,,,,,,,
  ????????,,,FN = 1 N,,,,,,,,,,,,,,,,
,,,,,,,,,,,,,,,,,,,
測定点数,時間,温度,角周波数,周波数,せん断応力,ひずみ,位相角,複素弾性率,貯蔵弾性率,損失弾性率,複素粘度,損失正接,??????,???,????????,速度,ステータス,緩和弾性率,リフト速度/ギャップ
,[s],[°C],[1/s],[Hz],[Pa],[%],[°],[Pa],[Pa],[Pa],[Pa・s],[1],[mm],[μNm],[N],[μm/s],[],[Pa],[1/s]
1,33.508,130,1.00E+00,0.159,2.91E+03,0.0995,5.46398,2.93E+06,2.91E+06,2.79E+05,"2,930,000",0.0957,1.44,288,1.01,0,DSO,******,0
2,57.489,130,1.58E+00,0.252,3.04E+03,0.1,5.58445,3.04E+06,3.03E+06,2.96E+05,"1,920,000",0.0978,1.44,300,1.02,0.182,DSO,******,0.000128
3,76.354,130,2.51E+00,0.4,3.14E+03,0.1,5.48437,3.14E+06,3.13E+06,3.00E+05,"1,250,000",0.096,1.44,311,1.02,0.433,DSO,******,0.000497
4,91.312,130,3.98E+00,0.634,3.25E+03,0.1,4.94524,3.25E+06,3.24E+06,2.80E+05,"816,000",0.0865,1.44,321,1.03,0,DSO,******,0
5,103.25,130,6.31E+00,1,3.33E+03,0.1,4.31839,3.33E+06,3.32E+06,2.51E+05,"528,000",0.0755,1.44,329,1,0,DSO,******,0
6,112.82,130,1.00E+01,1.59,3.40E+03,0.1,3.62831,3.40E+06,3.40E+06,2.15E+05,"340,000",0.0634,1.44,336,1.04,0,DSO,******,0
7,120.52,130,1.58E+01,2.52,3.45E+03,0.0999,3.00106,3.45E+06,3.45E+06,1.81E+05,"218,000",0.0524,1.44,341,1.02,0,DSO,******,0
8,127,130.1,2.51E+01,4,3.50E+03,0.1,2.49702,3.50E+06,3.49E+06,1.52E+05,"139,000",0.0436,1.44,346,1.05,0,DSO,******,0
9,132.36,130.1,3.98E+01,6.34,3.55E+03,0.1,2.13609,3.54E+06,3.53E+06,1.32E+05,"88,800",0.0373,1.44,350,1.04,0,DSO,******,0
10,141.74,130,6.31E+01,10,3.55E+03,0.1,1.88575,3.55E+06,3.55E+06,1.17E+05,"56,300",0.0329,1.44,351,1.01,0,DSO,******,0
11,153.35,130,1.00E+02,15.9,3.56E+03,0.1,1.78405,3.56E+06,3.55E+06,1.11E+05,"35,600",0.0311,1.44,352,1.05,0,DSO,******,0
,,,,,,,,,,,,,,,,,,,
データシリーズの情報,,,,,,,,,,,,,,,,,,,
名前:,,,2022_1114_freq 1 to 100_temp 70 to 160 step 10 6,,,,,,,,,,,,,,,,
サンプル:,,,3chain_cat_1%,,,,,,,,,,,,,,,,
使用者:,,,sasaki,,,,,,,,,,,,,,,,
インターバルの数:,,,1,,,,,,,,,,,,,,,,
アプリケーション:,,,RHEOPLUS/32 Multi16 V3.40 21000091-35633,,,,,,,,,,,,,,,,
装置:,,,MCR301 SN82000000; ID80924104; FW3.51D090908; Slot3; Adj17d,,,,,,,,,,,,,,,,
測定日/時間:,,,2022/11/14; 15:32 午後,,,,,,,,,,,,,,,,
測定治具:,,,PP08-SN23708; [d=0.1 mm],,,,,,,,,,,,,,,,
アクセス,,,TU1=CTD600-SN80897712; DevCOM1=TC30-SN80897712,,,,,,,,,,,,,,,,
,,,,,,,,,,,,,,,,,,,
定数の計算:,,,,,,,,,,,,,,,,,,,
- 標準 Csr [min/s]:,,,0.41648094,,,,,,,,,,,,,,,,
- 標準 Css [Pa/mNm]:,,,"10,120.00",,,,,,,,,,,,,,,,
- 開始待機時間 [s]:,,,727.96,,,,,,,,,,,,,,,,
- 物質の密度 [rho]:,,,"1,000",,,,,,,,,,,,,,,,
- 測定のタイプ:,,,1,,,,,,,,,,,,,,,,
- モーター調整係数:,,,1,,,,,,,,,,,,,,,,
,,,,,,,,,,,,,,,,,,,
インターバル:,,,1,,,,,,,,,,,,,,,,
データポイント数:,,,11,,,,,,,,,,,,,,,,
,,,,,,,,,,,,,,,,,,,
時間設定:,,,11 測定点数,,,,,,,,,,,,,,,,
測定条件:,,,,,,,,,,,,,,,,,,,
#REF!,,,振り角 gamma = 0.1 %,,,,,,,,,,,,,,,,
,,,角周波数 omega = 1 ... 100 rad/s 対数; |傾き| = 5 点 / 桁 ,,,,,,,,,,,,,,,,
  ????????,,,FN = 1 N,,,,,,,,,,,,,,,,
,,,,,,,,,,,,,,,,,,,
測定点数,時間,温度,角周波数,周波数,せん断応力,ひずみ,位相角,複素弾性率,貯蔵弾性率,損失弾性率,複素粘度,損失正接,??????,???,????????,速度,ステータス,緩和弾性率,リフト速度/ギャップ
,[s],[°C],[1/s],[Hz],[Pa],[%],[°],[Pa],[Pa],[Pa],[Pa・s],[1],[mm],[μNm],[N],[μm/s],[],[Pa],[1/s]
1,33.628,120,1.00E+00,0.159,2.97E+03,0.0994,5.3885,2.98E+06,2.97E+06,2.80E+05,"2,980,000",0.0943,1.43,293,0.994,0.00398,DSO,******,0.000153
2,57.609,120,1.58E+00,0.252,3.08E+03,0.1,5.07997,3.08E+06,3.07E+06,2.73E+05,"1,940,000",0.0889,1.43,304,0.999,-0.177,DSO,******,0.000132
3,76.474,120,2.51E+00,0.4,3.17E+03,0.1,4.69763,3.17E+06,3.16E+06,2.60E+05,"1,260,000",0.0822,1.43,313,1.01,0,DSO,******,0
4,91.432,120,3.98E+00,0.634,3.25E+03,0.1,4.07292,3.26E+06,3.25E+06,2.31E+05,"818,000",0.0712,1.43,322,1.01,-0.237,DSO,******,0.000165
5,103.36,120,6.31E+00,1,3.31E+03,0.0999,3.33936,3.31E+06,3.31E+06,1.93E+05,"525,000",0.0583,1.43,327,1.01,-0.148,DSO,******,0.000104
6,112.94,120,1.00E+01,1.59,3.36E+03,0.1,2.7753,3.36E+06,3.36E+06,1.63E+05,"336,000",0.0485,1.43,332,1,0,DSO,******,0
7,120.64,120,1.58E+01,2.52,3.40E+03,0.1,2.27833,3.40E+06,3.40E+06,1.35E+05,"214,000",0.0398,1.43,336,1.03,-0.807,DSO,******,0.000564
8,127.12,120,2.51E+01,4,3.43E+03,0.1,1.94103,3.43E+06,3.43E+06,1.16E+05,"136,000",0.0339,1.43,339,0.983,0,DSO,******,0
9,132.48,120,3.98E+01,6.34,3.47E+03,0.1,1.72788,3.46E+06,3.46E+06,1.04E+05,"86,900",0.0302,1.43,343,0.979,0,DSO,******,0
10,141.94,120,6.31E+01,10,3.47E+03,0.1,1.62646,3.46E+06,3.46E+06,9.83E+04,"54,900",0.0284,1.43,343,0.99,0,DSO,******,0
11,153.66,120,1.00E+02,15.9,3.47E+03,0.1,1.64536,3.46E+06,3.46E+06,9.94E+04,"34,600",0.0287,1.43,343,0.98,0,DSO,******,0
,,,,,,,,,,,,,,,,,,,
データシリーズの情報,,,,,,,,,,,,,,,,,,,
名前:,,,2022_1114_freq 1 to 100_temp 70 to 160 step 10 5,,,,,,,,,,,,,,,,
サンプル:,,,3chain_cat_1%,,,,,,,,,,,,,,,,
使用者:,,,sasaki,,,,,,,,,,,,,,,,
インターバルの数:,,,1,,,,,,,,,,,,,,,,
アプリケーション:,,,RHEOPLUS/32 Multi16 V3.40 21000091-35633,,,,,,,,,,,,,,,,
装置:,,,MCR301 SN82000000; ID80924104; FW3.51D090908; Slot3; Adj17d,,,,,,,,,,,,,,,,
測定日/時間:,,,2022/11/14; 15:17 午後,,,,,,,,,,,,,,,,
測定治具:,,,PP08-SN23708; [d=0.1 mm],,,,,,,,,,,,,,,,
アクセス,,,TU1=CTD600-SN80897712; DevCOM1=TC30-SN80897712,,,,,,,,,,,,,,,,
,,,,,,,,,,,,,,,,,,,
定数の計算:,,,,,,,,,,,,,,,,,,,
- 標準 Csr [min/s]:,,,0.41648094,,,,,,,,,,,,,,,,
- 標準 Css [Pa/mNm]:,,,"10,120.00",,,,,,,,,,,,,,,,
- 開始待機時間 [s]:,,,663.329,,,,,,,,,,,,,,,,
- 物質の密度 [rho]:,,,"1,000",,,,,,,,,,,,,,,,
- 測定のタイプ:,,,1,,,,,,,,,,,,,,,,
- モーター調整係数:,,,1,,,,,,,,,,,,,,,,
,,,,,,,,,,,,,,,,,,,
インターバル:,,,1,,,,,,,,,,,,,,,,
データポイント数:,,,11,,,,,,,,,,,,,,,,
,,,,,,,,,,,,,,,,,,,
時間設定:,,,11 測定点数,,,,,,,,,,,,,,,,
測定条件:,,,,,,,,,,,,,,,,,,,
#REF!,,,振り角 gamma = 0.1 %,,,,,,,,,,,,,,,,
,,,角周波数 omega = 1 ... 100 rad/s 対数; |傾き| = 5 点 / 桁 ,,,,,,,,,,,,,,,,
  ????????,,,FN = 1 N,,,,,,,,,,,,,,,,
,,,,,,,,,,,,,,,,,,,
測定点数,時間,温度,角周波数,周波数,せん断応力,ひずみ,位相角,複素弾性率,貯蔵弾性率,損失弾性率,複素粘度,損失正接,??????,???,????????,速度,ステータス,緩和弾性率,リフト速度/ギャップ
,[s],[°C],[1/s],[Hz],[Pa],[%],[°],[Pa],[Pa],[Pa],[Pa・s],[1],[mm],[μNm],[N],[μm/s],[],[Pa],[1/s]
1,33.696,110,1.00E+00,0.159,3.00E+03,0.0994,5.12371,3.02E+06,3.00E+06,2.69E+05,"3,020,000",0.0897,1.42,296,0.988,0.0941,DSO,******,0.000162
2,57.677,110,1.58E+00,0.252,3.10E+03,0.1,4.60284,3.10E+06,3.09E+06,2.49E+05,"1,960,000",0.0805,1.42,307,0.998,0,DSO,******,0
3,76.542,110,2.51E+00,0.4,3.18E+03,0.1,3.97636,3.18E+06,3.18E+06,2.21E+05,"1,270,000",0.0695,1.42,315,0.997,0.355,DSO,******,0.000313
4,91.5,110,3.98E+00,0.634,3.24E+03,0.1,3.27753,3.24E+06,3.23E+06,1.85E+05,"813,000",0.0573,1.42,320,1.01,0,DSO,******,0
5,103.43,110,6.31E+00,1,3.28E+03,0.1,2.64592,3.28E+06,3.28E+06,1.51E+05,"520,000",0.0462,1.42,324,1.04,0,DSO,******,0
6,113,110,1.00E+01,1.59,3.31E+03,0.1,2.22772,3.32E+06,3.31E+06,1.29E+05,"332,000",0.0389,1.42,327,1,0,DSO,******,0
7,120.71,110,1.58E+01,2.52,3.34E+03,0.1,1.89399,3.34E+06,3.34E+06,1.10E+05,"211,000",0.0331,1.42,330,1,0,DSO,******,0
8,127.19,110,2.51E+01,4,3.37E+03,0.1,1.7023,3.37E+06,3.36E+06,1.00E+05,"134,000",0.0297,1.42,333,1.01,0,DSO,******,0
9,132.55,110,3.98E+01,6.34,3.40E+03,0.1,1.6343,3.39E+06,3.39E+06,9.67E+04,"85,200",0.0285,1.42,336,1.01,0,DSO,******,0
10,142.04,110,6.31E+01,10,3.40E+03,0.1,1.6935,3.40E+06,3.40E+06,1.00E+05,"53,800",0.0296,1.42,336,1.02,0,DSO,******,0
11,153.71,110,1.00E+02,15.9,3.40E+03,0.1,1.87322,3.40E+06,3.40E+06,1.11E+05,"34,000",0.0327,1.42,336,1.01,0,DSO,******,0
,,,,,,,,,,,,,,,,,,,
データシリーズの情報,,,,,,,,,,,,,,,,,,,
名前:,,,2022_1114_freq 1 to 100_temp 70 to 160 step 10 4,,,,,,,,,,,,,,,,
サンプル:,,,3chain_cat_1%,,,,,,,,,,,,,,,,
使用者:,,,sasaki,,,,,,,,,,,,,,,,
インターバルの数:,,,1,,,,,,,,,,,,,,,,
アプリケーション:,,,RHEOPLUS/32 Multi16 V3.40 21000091-35633,,,,,,,,,,,,,,,,
装置:,,,MCR301 SN82000000; ID80924104; FW3.51D090908; Slot3; Adj17d,,,,,,,,,,,,,,,,
測定日/時間:,,,2022/11/14; 15:04 午後,,,,,,,,,,,,,,,,
測定治具:,,,PP08-SN23708; [d=0.1 mm],,,,,,,,,,,,,,,,
アクセス,,,TU1=CTD600-SN80897712; DevCOM1=TC30-SN80897712,,,,,,,,,,,,,,,,
,,,,,,,,,,,,,,,,,,,
定数の計算:,,,,,,,,,,,,,,,,,,,
- 標準 Csr [min/s]:,,,0.41648094,,,,,,,,,,,,,,,,
- 標準 Css [Pa/mNm]:,,,"10,120.00",,,,,,,,,,,,,,,,
- 開始待機時間 [s]:,,,631.349,,,,,,,,,,,,,,,,
- 物質の密度 [rho]:,,,"1,000",,,,,,,,,,,,,,,,
- 測定のタイプ:,,,1,,,,,,,,,,,,,,,,
- モーター調整係数:,,,1,,,,,,,,,,,,,,,,
,,,,,,,,,,,,,,,,,,,
インターバル:,,,1,,,,,,,,,,,,,,,,
データポイント数:,,,11,,,,,,,,,,,,,,,,
,,,,,,,,,,,,,,,,,,,
時間設定:,,,11 測定点数,,,,,,,,,,,,,,,,
測定条件:,,,,,,,,,,,,,,,,,,,
#REF!,,,振り角 gamma = 0.1 %,,,,,,,,,,,,,,,,
,,,角周波数 omega = 1 ... 100 rad/s 対数; |傾き| = 5 点 / 桁 ,,,,,,,,,,,,,,,,
  ????????,,,FN = 1 N,,,,,,,,,,,,,,,,
,,,,,,,,,,,,,,,,,,,
測定点数,時間,温度,角周波数,周波数,せん断応力,ひずみ,位相角,複素弾性率,貯蔵弾性率,損失弾性率,複素粘度,損失正接,??????,???,????????,速度,ステータス,緩和弾性率,リフト速度/ギャップ
,[s],[°C],[1/s],[Hz],[Pa],[%],[°],[Pa],[Pa],[Pa],[Pa・s],[1],[mm],[μNm],[N],[μm/s],[],[Pa],[1/s]
1,33.734,100.025,1.00E+00,0.159,3.02E+03,0.0993,4.47759,3.04E+06,3.03E+06,2.37E+05,"3,040,000",0.0783,1.41,298,0.99,0.227,DSO,******,0.000227
2,57.715,100,1.58E+00,0.252,3.11E+03,0.1,3.79135,3.11E+06,3.10E+06,2.06E+05,"1,960,000",0.0663,1.41,307,1.03,-1.25,DSO,******,0.000885
3,76.58,100,2.51E+00,0.4,3.16E+03,0.0999,3.1644,3.16E+06,3.16E+06,1.75E+05,"1,260,000",0.0553,1.41,312,0.966,0,DSO,******,0
4,91.538,100,3.98E+00,0.634,3.20E+03,0.1,2.57256,3.20E+06,3.20E+06,1.44E+05,"804,000",0.0449,1.41,316,0.979,0,DSO,******,0
5,103.47,100,6.31E+00,1,3.23E+03,0.1,2.19336,3.24E+06,3.23E+06,1.24E+05,"513,000",0.0383,1.41,320,1,0,DSO,******,0
6,113.04,100,1.00E+01,1.59,3.26E+03,0.1,1.8905,3.26E+06,3.26E+06,1.08E+05,"326,000",0.033,1.41,322,0.993,0,DSO,******,0
7,120.75,100,1.58E+01,2.52,3.28E+03,0.1,1.74839,3.28E+06,3.28E+06,1.00E+05,"207,000",0.0305,1.41,324,0.987,0,DSO,******,0
8,127.23,100,2.51E+01,4,3.30E+03,0.1,1.73581,3.30E+06,3.30E+06,1.00E+05,"132,000",0.0303,1.41,327,0.998,0,DSO,******,0
9,132.59,100,3.98E+01,6.34,3.34E+03,0.1,1.84601,3.33E+06,3.33E+06,1.07E+05,"83,700",0.0322,1.41,330,0.99,0.607,DSO,******,0.000677
10,142.09,100,6.31E+01,10,3.35E+03,0.1,2.08016,3.34E+06,3.34E+06,1.21E+05,"53,000",0.0363,1.41,331,1.01,0,DSO,******,0
11,153.76,100,1.00E+02,15.9,3.36E+03,0.1,2.43385,3.35E+06,3.35E+06,1.42E+05,"33,500",0.0425,1.41,332,1,0,DSO,******,0
,,,,,,,,,,,,,,,,,,,
データシリーズの情報,,,,,,,,,,,,,,,,,,,
名前:,,,2022_1114_freq 1 to 100_temp 70 to 160 step 10 3,,,,,,,,,,,,,,,,
サンプル:,,,3chain_cat_1%,,,,,,,,,,,,,,,,
使用者:,,,sasaki,,,,,,,,,,,,,,,,
インターバルの数:,,,1,,,,,,,,,,,,,,,,
アプリケーション:,,,RHEOPLUS/32 Multi16 V3.40 21000091-35633,,,,,,,,,,,,,,,,
装置:,,,MCR301 SN82000000; ID80924104; FW3.51D090908; Slot3; Adj17d,,,,,,,,,,,,,,,,
測定日/時間:,,,2022/11/14; 14:51 午後,,,,,,,,,,,,,,,,
測定治具:,,,PP08-SN23708; [d=0.1 mm],,,,,,,,,,,,,,,,
アクセス,,,TU1=CTD600-SN80897712; DevCOM1=TC30-SN80897712,,,,,,,,,,,,,,,,
,,,,,,,,,,,,,,,,,,,
定数の計算:,,,,,,,,,,,,,,,,,,,
- 標準 Csr [min/s]:,,,0.41648094,,,,,,,,,,,,,,,,
- 標準 Css [Pa/mNm]:,,,"10,120.00",,,,,,,,,,,,,,,,
- 開始待機時間 [s]:,,,654.405,,,,,,,,,,,,,,,,
- 物質の密度 [rho]:,,,"1,000",,,,,,,,,,,,,,,,
- 測定のタイプ:,,,1,,,,,,,,,,,,,,,,
- モーター調整係数:,,,1,,,,,,,,,,,,,,,,
,,,,,,,,,,,,,,,,,,,
インターバル:,,,1,,,,,,,,,,,,,,,,
データポイント数:,,,11,,,,,,,,,,,,,,,,
,,,,,,,,,,,,,,,,,,,
時間設定:,,,11 測定点数,,,,,,,,,,,,,,,,
測定条件:,,,,,,,,,,,,,,,,,,,
#REF!,,,振り角 gamma = 0.1 %,,,,,,,,,,,,,,,,
,,,角周波数 omega = 1 ... 100 rad/s 対数; |傾き| = 5 点 / 桁 ,,,,,,,,,,,,,,,,
  ????????,,,FN = 1 N,,,,,,,,,,,,,,,,
,,,,,,,,,,,,,,,,,,,
測定点数,時間,温度,角周波数,周波数,せん断応力,ひずみ,位相角,複素弾性率,貯蔵弾性率,損失弾性率,複素粘度,損失正接,??????,???,????????,速度,ステータス,緩和弾性率,リフト速度/ギャップ
,[s],[°C],[1/s],[Hz],[Pa],[%],[°],[Pa],[Pa],[Pa],[Pa・s],[1],[mm],[μNm],[N],[μm/s],[],[Pa],[1/s]
1,33.706,90.0001,1.00E+00,0.159,3.02E+03,0.0994,3.66887,3.04E+06,3.04E+06,1.95E+05,"3,040,000",0.0641,1.41,299,1,0.0716,DSO,******,0.000147
2,57.687,90.0001,1.58E+00,0.252,3.09E+03,0.1,2.95631,3.09E+06,3.09E+06,1.59E+05,"1,950,000",0.0516,1.41,305,0.985,0.916,DSO,******,0.000936
3,76.552,90.0001,2.51E+00,0.4,3.12E+03,0.1,2.51306,3.13E+06,3.12E+06,1.37E+05,"1,240,000",0.0439,1.41,309,1.03,0,DSO,******,0
4,91.51,90.0001,3.98E+00,0.634,3.16E+03,0.1,2.13939,3.16E+06,3.16E+06,1.18E+05,"793,000",0.0374,1.41,312,1.02,0,DSO,******,0
5,103.44,90.0001,6.31E+00,1,3.18E+03,0.1,1.98067,3.18E+06,3.18E+06,1.10E+05,"505,000",0.0346,1.41,315,1.02,0,DSO,******,0
6,113.01,90.0001,1.00E+01,1.59,3.20E+03,0.1,1.90953,3.20E+06,3.20E+06,1.07E+05,"320,000",0.0333,1.41,317,0.997,0,DSO,******,0
7,120.72,90.0001,1.58E+01,2.52,3.23E+03,0.1,1.98524,3.23E+06,3.23E+06,1.12E+05,"204,000",0.0347,1.41,319,1.01,0,DSO,******,0
8,127.2,90.0001,2.51E+01,4,3.25E+03,0.1,2.18593,3.25E+06,3.25E+06,1.24E+05,"130,000",0.0382,1.41,322,0.982,1.25,DSO,******,0.000889
9,132.56,90.0001,3.98E+01,6.34,3.30E+03,0.1,2.48979,3.29E+06,3.29E+06,1.43E+05,"82,700",0.0435,1.41,326,0.998,1.2,DSO,******,0.000899
10,142.05,90.0001,6.31E+01,10,3.32E+03,0.1,2.94447,3.31E+06,3.31E+06,1.70E+05,"52,500",0.0514,1.41,328,1.03,0,DSO,******,0
11,153.7,90.0001,1.00E+02,15.9,3.34E+03,0.1,3.51026,3.34E+06,3.34E+06,2.05E+05,"33,400",0.0613,1.41,330,1.02,0,DSO,******,0
,,,,,,,,,,,,,,,,,,,
データシリーズの情報,,,,,,,,,,,,,,,,,,,
名前:,,,2022_1114_freq 1 to 100_temp 70 to 160 step 10 2,,,,,,,,,,,,,,,,
サンプル:,,,3chain_cat_1%,,,,,,,,,,,,,,,,
使用者:,,,sasaki,,,,,,,,,,,,,,,,
インターバルの数:,,,1,,,,,,,,,,,,,,,,
アプリケーション:,,,RHEOPLUS/32 Multi16 V3.40 21000091-35633,,,,,,,,,,,,,,,,
装置:,,,MCR301 SN82000000; ID80924104; FW3.51D090908; Slot3; Adj17d,,,,,,,,,,,,,,,,
測定日/時間:,,,2022/11/14; 14:37 午後,,,,,,,,,,,,,,,,
測定治具:,,,PP08-SN23708; [d=0.1 mm],,,,,,,,,,,,,,,,
アクセス,,,TU1=CTD600-SN80897712; DevCOM1=TC30-SN80897712,,,,,,,,,,,,,,,,
,,,,,,,,,,,,,,,,,,,
定数の計算:,,,,,,,,,,,,,,,,,,,
- 標準 Csr [min/s]:,,,0.41648094,,,,,,,,,,,,,,,,
- 標準 Css [Pa/mNm]:,,,"10,120.00",,,,,,,,,,,,,,,,
- 開始待機時間 [s]:,,,676.12,,,,,,,,,,,,,,,,
- 物質の密度 [rho]:,,,"1,000",,,,,,,,,,,,,,,,
- 測定のタイプ:,,,1,,,,,,,,,,,,,,,,
- モーター調整係数:,,,1,,,,,,,,,,,,,,,,
,,,,,,,,,,,,,,,,,,,
インターバル:,,,1,,,,,,,,,,,,,,,,
データポイント数:,,,11,,,,,,,,,,,,,,,,
,,,,,,,,,,,,,,,,,,,
時間設定:,,,11 測定点数,,,,,,,,,,,,,,,,
測定条件:,,,,,,,,,,,,,,,,,,,
#REF!,,,振り角 gamma = 0.1 %,,,,,,,,,,,,,,,,
,,,角周波数 omega = 1 ... 100 rad/s 対数; |傾き| = 5 点 / 桁 ,,,,,,,,,,,,,,,,
  ????????,,,FN = 1 N,,,,,,,,,,,,,,,,
,,,,,,,,,,,,,,,,,,,
測定点数,時間,温度,角周波数,周波数,せん断応力,ひずみ,位相角,複素弾性率,貯蔵弾性率,損失弾性率,複素粘度,損失正接,??????,???,????????,速度,ステータス,緩和弾性率,リフト速度/ギャップ
,[s],[°C],[1/s],[Hz],[Pa],[%],[°],[Pa],[Pa],[Pa],[Pa・s],[1],[mm],[μNm],[N],[μm/s],[],[Pa],[1/s]
1,33.804,80.0001,1.00E+00,0.159,2.99E+03,0.0993,2.92031,3.01E+06,3.01E+06,1.54E+05,"3,010,000",0.051,1.4,296,0.984,0.67,DSO,******,0.000785
2,57.785,80.0001,1.58E+00,0.252,3.05E+03,0.1,2.5638,3.05E+06,3.05E+06,1.37E+05,"1,930,000",0.0448,1.4,302,1.03,0.0381,DSO,******,0.000384
3,76.65,80.0001,2.51E+00,0.4,3.08E+03,0.0999,2.29289,3.08E+06,3.08E+06,1.23E+05,"1,230,000",0.04,1.4,304,1.01,0,DSO,******,0
4,91.608,80.0001,3.98E+00,0.634,3.11E+03,0.1,2.19162,3.11E+06,3.11E+06,1.19E+05,"781,000",0.0383,1.4,307,1,0,DSO,******,0
5,103.54,80.0001,6.31E+00,1,3.13E+03,0.1,2.26689,3.13E+06,3.13E+06,1.24E+05,"497,000",0.0396,1.4,310,1.01,0,DSO,******,0
6,113.11,80.0001,1.00E+01,1.59,3.16E+03,0.1,2.43809,3.16E+06,3.16E+06,1.35E+05,"316,000",0.0426,1.4,312,1.01,0,DSO,******,0
7,120.82,80.0001,1.58E+01,2.52,3.20E+03,0.1,2.7713,3.20E+06,3.19E+06,1.55E+05,"202,000",0.0484,1.4,316,1,0,DSO,******,0
8,127.3,80.0001,2.51E+01,4,3.24E+03,0.1,3.20613,3.24E+06,3.23E+06,1.81E+05,"129,000",0.056,1.4,320,1.01,0,DSO,******,0
9,132.66,80.0001,3.98E+01,6.34,3.31E+03,0.1,3.7511,3.30E+06,3.29E+06,2.16E+05,"82,800",0.0656,1.4,327,1.02,0,DSO,******,0
10,142.08,80.0001,6.31E+01,10,3.34E+03,0.1,4.48023,3.34E+06,3.33E+06,2.61E+05,"53,000",0.0784,1.4,330,1.04,-0.884,DSO,******,0.000913
11,153.69,80.0001,1.00E+02,15.9,3.40E+03,0.1,5.317,3.40E+06,3.38E+06,3.15E+05,"34,000",0.0931,1.4,336,0.986,0,DSO,******,0
,,,,,,,,,,,,,,,,,,,
データシリーズの情報,,,,,,,,,,,,,,,,,,,
名前:,,,2022_1114_freq 1 to 100_temp 70 to 160 step 10 1,,,,,,,,,,,,,,,,
サンプル:,,,3chain_cat_1%,,,,,,,,,,,,,,,,
使用者:,,,sasaki,,,,,,,,,,,,,,,,
インターバルの数:,,,1,,,,,,,,,,,,,,,,
アプリケーション:,,,RHEOPLUS/32 Multi16 V3.40 21000091-35633,,,,,,,,,,,,,,,,
装置:,,,MCR301 SN82000000; ID80924104; FW3.51D090908; Slot3; Adj17d,,,,,,,,,,,,,,,,
測定日/時間:,,,2022/11/14; 14:23 午後,,,,,,,,,,,,,,,,
測定治具:,,,PP08-SN23708; [d=0.1 mm],,,,,,,,,,,,,,,,
アクセス,,,TU1=CTD600-SN80897712; DevCOM1=TC30-SN80897712,,,,,,,,,,,,,,,,
,,,,,,,,,,,,,,,,,,,
定数の計算:,,,,,,,,,,,,,,,,,,,
- 標準 Csr [min/s]:,,,0.41648094,,,,,,,,,,,,,,,,
- 標準 Css [Pa/mNm]:,,,"10,120.00",,,,,,,,,,,,,,,,
- 開始待機時間 [s]:,,,304.31,,,,,,,,,,,,,,,,
- 物質の密度 [rho]:,,,"1,000",,,,,,,,,,,,,,,,
- 測定のタイプ:,,,1,,,,,,,,,,,,,,,,
- モーター調整係数:,,,1,,,,,,,,,,,,,,,,
,,,,,,,,,,,,,,,,,,,
インターバル:,,,1,,,,,,,,,,,,,,,,
データポイント数:,,,11,,,,,,,,,,,,,,,,
,,,,,,,,,,,,,,,,,,,
時間設定:,,,11 測定点数,,,,,,,,,,,,,,,,
測定条件:,,,,,,,,,,,,,,,,,,,
#REF!,,,振り角 gamma = 0.1 %,,,,,,,,,,,,,,,,
,,,角周波数 omega = 1 ... 100 rad/s 対数; |傾き| = 5 点 / 桁 ,,,,,,,,,,,,,,,,
  ????????,,,FN = 1 N,,,,,,,,,,,,,,,,
,,,,,,,,,,,,,,,,,,,
測定点数,時間,温度,角周波数,周波数,せん断応力,ひずみ,位相角,複素弾性率,貯蔵弾性率,損失弾性率,複素粘度,損失正接,??????,???,????????,速度,ステータス,緩和弾性率,リフト速度/ギャップ
,[s],[°C],[1/s],[Hz],[Pa],[%],[°],[Pa],[Pa],[Pa],[Pa・s],[1],[mm],[μNm],[N],[μm/s],[],[Pa],[1/s]
1,33.168,70.0003,1.00E+00,0.159,2.99E+03,0.1,2.79588,2.99E+06,2.98E+06,1.46E+05,"2,990,000",0.0488,1.39,295,0.983,-0.669,DSO,******,0.000585
2,57.149,70.0003,1.58E+00,0.252,3.01E+03,0.1,2.58964,3.02E+06,3.01E+06,1.36E+05,"1,900,000",0.0452,1.39,298,1.01,-0.107,DSO,******,0.000077
3,76.014,70.0002,2.51E+00,0.4,3.05E+03,0.1,2.67785,3.05E+06,3.04E+06,1.42E+05,"1,210,000",0.0468,1.39,301,1.01,-0.0005,DSO,******,0.0000212
4,90.972,70.0002,3.98E+00,0.634,3.08E+03,0.1,2.8853,3.08E+06,3.08E+06,1.55E+05,"775,000",0.0504,1.39,305,1.01,0,DSO,******,0
5,102.91,70.0002,6.31E+00,1,3.12E+03,0.1,3.25653,3.12E+06,3.12E+06,1.77E+05,"495,000",0.0569,1.39,309,1.02,-0.72,DSO,******,0.000537
6,112.48,70.0002,1.00E+01,1.59,3.17E+03,0.1,3.76182,3.17E+06,3.17E+06,2.08E+05,"317,000",0.0658,1.39,313,0.993,-0.903,DSO,******,0.000665
7,120.18,70.0002,1.58E+01,2.52,3.23E+03,0.1,4.38966,3.23E+06,3.22E+06,2.47E+05,"204,000",0.0768,1.39,319,0.937,0,DSO,******,0
8,126.66,70.0002,2.51E+01,4,3.30E+03,0.1,5.13001,3.30E+06,3.29E+06,2.95E+05,"131,000",0.0898,1.39,326,0.933,0,DSO,******,0
9,132.02,70.0002,3.98E+01,6.34,3.40E+03,0.1,5.9982,3.39E+06,3.37E+06,3.54E+05,"85,200",0.105,1.39,336,0.992,0,DSO,******,0
10,141.29,70.0002,6.31E+01,10,3.48E+03,0.1,7.09758,3.48E+06,3.45E+06,4.30E+05,"55,200",0.125,1.39,344,1.01,0,DSO,******,0
11,152.92,70.0002,1.00E+02,15.9,3.57E+03,0.1,8.19383,3.57E+06,3.54E+06,5.09E+05,"35,700",0.144,1.39,353,1.03,-1.25,DSO,******,0.0009
,,,,,,,,,,,,,,,,,,,
データシリーズの情報,,,,,,,,,,,,,,,,,,,
名前:,,,2022_1114_freq 1 to 100_temp 60 to 100 step 10 1,,,,,,,,,,,,,,,,
サンプル:,,,3chain_cat_1%,,,,,,,,,,,,,,,,
使用者:,,,sasaki,,,,,,,,,,,,,,,,
インターバルの数:,,,1,,,,,,,,,,,,,,,,
アプリケーション:,,,RHEOPLUS/32 Multi16 V3.40 21000091-35633,,,,,,,,,,,,,,,,
装置:,,,MCR301 SN82000000; ID80924104; FW3.51D090908; Slot3; Adj17d,,,,,,,,,,,,,,,,
測定日/時間:,,,2022/11/14; 11:17 午後,,,,,,,,,,,,,,,,
測定治具:,,,PP08-SN23708; [d=0.1 mm],,,,,,,,,,,,,,,,
アクセス,,,TU1=CTD600-SN80897712; DevCOM1=TC30-SN80897712,,,,,,,,,,,,,,,,
,,,,,,,,,,,,,,,,,,,
定数の計算:,,,,,,,,,,,,,,,,,,,
- 標準 Csr [min/s]:,,,0.41648094,,,,,,,,,,,,,,,,
- 標準 Css [Pa/mNm]:,,,"10,120.00",,,,,,,,,,,,,,,,
- 開始待機時間 [s]:,,,304.622,,,,,,,,,,,,,,,,
- 物質の密度 [rho]:,,,"1,000",,,,,,,,,,,,,,,,
- 測定のタイプ:,,,1,,,,,,,,,,,,,,,,
- モーター調整係数:,,,1,,,,,,,,,,,,,,,,
,,,,,,,,,,,,,,,,,,,
インターバル:,,,1,,,,,,,,,,,,,,,,
データポイント数:,,,11,,,,,,,,,,,,,,,,
,,,,,,,,,,,,,,,,,,,
時間設定:,,,11 測定点数,,,,,,,,,,,,,,,,
測定条件:,,,,,,,,,,,,,,,,,,,
#REF!,,,振り角 gamma = 0.1 %,,,,,,,,,,,,,,,,
,,,角周波数 omega = 1 ... 100 rad/s 対数; |傾き| = 5 点 / 桁 ,,,,,,,,,,,,,,,,
  ????????,,,FN = 1 N,,,,,,,,,,,,,,,,
,,,,,,,,,,,,,,,,,,,
測定点数,時間,温度,角周波数,周波数,せん断応力,ひずみ,位相角,複素弾性率,貯蔵弾性率,損失弾性率,複素粘度,損失正接,??????,???,????????,速度,ステータス,緩和弾性率,リフト速度/ギャップ
,[s],[°C],[1/s],[Hz],[Pa],[%],[°],[Pa],[Pa],[Pa],[Pa・s],[1],[mm],[μNm],[N],[μm/s],[],[Pa],[1/s]
1,33.21,60.0003,1.00E+00,0.159,2.99E+03,0.1,3.34901,2.99E+06,2.99E+06,1.75E+05,"2,990,000",0.0585,1.39,296,1,-0.352,DSO,******,0.000437
2,57.191,60.0003,1.58E+00,0.252,3.04E+03,0.1,3.65131,3.04E+06,3.03E+06,1.93E+05,"1,920,000",0.0638,1.38,300,1.01,-0.801,DSO,******,0.000729
3,76.056,60.0002,2.51E+00,0.4,3.09E+03,0.1,4.08949,3.09E+06,3.08E+06,2.21E+05,"1,230,000",0.0715,1.38,305,0.964,0,DSO,******,0
4,91.014,60.0003,3.98E+00,0.634,3.15E+03,0.1,4.67317,3.16E+06,3.14E+06,2.57E+05,"793,000",0.0817,1.38,312,0.974,0,DSO,******,0
5,102.95,60.0002,6.31E+00,1,3.23E+03,0.1,5.41828,3.23E+06,3.21E+06,3.05E+05,"512,000",0.0948,1.38,319,1,0,DSO,******,0
6,112.52,60.0002,1.00E+01,1.59,3.31E+03,0.1,6.32,3.32E+06,3.30E+06,3.65E+05,"332,000",0.111,1.38,328,0.951,0,DSO,******,0
7,120.23,60.0002,1.58E+01,2.52,3.42E+03,0.1,7.33288,3.42E+06,3.39E+06,4.36E+05,"216,000",0.129,1.38,338,1.02,-1.08,DSO,******,0.00078
8,126.71,60.0002,2.51E+01,4,3.55E+03,0.1,8.56296,3.55E+06,3.51E+06,5.28E+05,"141,000",0.151,1.38,350,1,0,DSO,******,0
9,132.07,60.0002,3.98E+01,6.34,3.71E+03,0.1,10.0068,3.70E+06,3.65E+06,6.44E+05,"93,000",0.176,1.38,367,0.975,0,DSO,******,0
10,141.07,60.0002,6.31E+01,10,3.88E+03,0.1,11.8807,3.88E+06,3.80E+06,7.99E+05,"61,500",0.21,1.38,384,0.97,0,DSO,******,0
11,152.32,60.0003,1.00E+02,15.9,4.10E+03,0.1,14.0812,4.09E+06,3.97E+06,9.96E+05,"40,900",0.251,1.38,405,0.969,0,DSO,******,0
,,,,,,,,,,,,,,,,,,,
データシリーズの情報,,,,,,,,,,,,,,,,,,,
名前:,,,2022_1114_freq 1 to 100_temp 60 to 100 step 10 2,,,,,,,,,,,,,,,,
サンプル:,,,3chain_cat_1%,,,,,,,,,,,,,,,,
使用者:,,,sasaki,,,,,,,,,,,,,,,,
インターバルの数:,,,1,,,,,,,,,,,,,,,,
アプリケーション:,,,RHEOPLUS/32 Multi16 V3.40 21000091-35633,,,,,,,,,,,,,,,,
装置:,,,MCR301 SN82000000; ID80924104; FW3.51D090908; Slot3; Adj17d,,,,,,,,,,,,,,,,
測定日/時間:,,,2022/11/14; 11:30 午後,,,,,,,,,,,,,,,,
測定治具:,,,PP08-SN23708; [d=0.1 mm],,,,,,,,,,,,,,,,
アクセス,,,TU1=CTD600-SN80897712; DevCOM1=TC30-SN80897712,,,,,,,,,,,,,,,,
,,,,,,,,,,,,,,,,,,,
定数の計算:,,,,,,,,,,,,,,,,,,,
- 標準 Csr [min/s]:,,,0.41648094,,,,,,,,,,,,,,,,
- 標準 Css [Pa/mNm]:,,,"10,120.00",,,,,,,,,,,,,,,,
- 開始待機時間 [s]:,,,588.651,,,,,,,,,,,,,,,,
- 物質の密度 [rho]:,,,"1,000",,,,,,,,,,,,,,,,
- 測定のタイプ:,,,1,,,,,,,,,,,,,,,,
- モーター調整係数:,,,1,,,,,,,,,,,,,,,,
,,,,,,,,,,,,,,,,,,,
インターバル:,,,1,,,,,,,,,,,,,,,,
データポイント数:,,,11,,,,,,,,,,,,,,,,
,,,,,,,,,,,,,,,,,,,
時間設定:,,,11 測定点数,,,,,,,,,,,,,,,,
測定条件:,,,,,,,,,,,,,,,,,,,
#REF!,,,振り角 gamma = 0.1 %,,,,,,,,,,,,,,,,
,,,角周波数 omega = 1 ... 100 rad/s 対数; |傾き| = 5 点 / 桁 ,,,,,,,,,,,,,,,,
  ????????,,,FN = 1 N,,,,,,,,,,,,,,,,
,,,,,,,,,,,,,,,,,,,
測定点数,時間,温度,角周波数,周波数,せん断応力,ひずみ,位相角,複素弾性率,貯蔵弾性率,損失弾性率,複素粘度,損失正接,??????,???,????????,速度,ステータス,緩和弾性率,リフト速度/ギャップ
,[s],[°C],[1/s],[Hz],[Pa],[%],[°],[Pa],[Pa],[Pa],[Pa・s],[1],[mm],[μNm],[N],[μm/s],[],[Pa],[1/s]
1,33.064,55.0252,1.00E+00,0.159,3.07E+03,0.1,4.22944,3.06E+06,3.05E+06,2.25E+05,"3,060,000",0.074,1.38,303,0.98,-0.281,DSO,******,0.000217
2,57.045,55.0004,1.58E+00,0.252,3.11E+03,0.1,4.81484,3.11E+06,3.10E+06,2.61E+05,"1,960,000",0.0842,1.38,308,0.994,-0.528,DSO,******,0.000426
3,75.91,55.0003,2.51E+00,0.4,3.18E+03,0.1,5.55435,3.19E+06,3.17E+06,3.08E+05,"1,270,000",0.0972,1.38,315,0.957,0.0025,DSO,******,0.00000181
4,90.868,55.0003,3.98E+00,0.634,3.27E+03,0.1,6.4318,3.27E+06,3.25E+06,3.67E+05,"822,000",0.113,1.38,323,0.992,-0.248,DSO,******,0.000442
5,102.8,55.0003,6.31E+00,1,3.38E+03,0.1,7.50538,3.38E+06,3.35E+06,4.41E+05,"536,000",0.132,1.38,334,0.993,0,DSO,******,0
6,112.37,55.0003,1.00E+01,1.59,3.50E+03,0.1,8.75324,3.50E+06,3.46E+06,5.33E+05,"350,000",0.154,1.38,346,1.01,0,DSO,******,0
7,120.08,55.1,1.58E+01,2.52,3.65E+03,0.1,10.246,3.66E+06,3.60E+06,6.50E+05,"231,000",0.181,1.38,361,0.945,1.33,DSO,******,0.000961
8,126.56,55.1,2.51E+01,4,3.85E+03,0.1,12.0709,3.85E+06,3.76E+06,8.04E+05,"153,000",0.214,1.38,380,0.954,1.25,DSO,******,0.000907
9,131.92,55.0007,3.98E+01,6.34,4.10E+03,0.1,14.2192,4.09E+06,3.96E+06,1.00E+06,"103,000",0.253,1.38,405,1.03,0.116,DSO,******,0.000884
10,140.38,55.0003,6.31E+01,10,4.39E+03,0.1,16.9165,4.39E+06,4.20E+06,1.28E+06,"69,500",0.304,1.38,434,1.02,0,DSO,******,0
11,151.26,55.0003,1.00E+02,15.9,4.77E+03,0.1,20.083,4.77E+06,4.48E+06,1.64E+06,"47,700",0.366,1.38,472,1.03,-0.779,DSO,******,0.000792
,,,,,,,,,,,,,,,,,,,
データシリーズの情報,,,,,,,,,,,,,,,,,,,
名前:,,,2022_1114_freq 1 to 100_temp 60 to 100 step 10 3,,,,,,,,,,,,,,,,
サンプル:,,,3chain_cat_1%,,,,,,,,,,,,,,,,
使用者:,,,sasaki,,,,,,,,,,,,,,,,
インターバルの数:,,,1,,,,,,,,,,,,,,,,
アプリケーション:,,,RHEOPLUS/32 Multi16 V3.40 21000091-35633,,,,,,,,,,,,,,,,
装置:,,,MCR301 SN82000000; ID80924104; FW3.51D090908; Slot3; Adj17d,,,,,,,,,,,,,,,,
測定日/時間:,,,2022/11/14; 11:40 午後,,,,,,,,,,,,,,,,
測定治具:,,,PP08-SN23708; [d=0.1 mm],,,,,,,,,,,,,,,,
アクセス,,,TU1=CTD600-SN80897712; DevCOM1=TC30-SN80897712,,,,,,,,,,,,,,,,
,,,,,,,,,,,,,,,,,,,
定数の計算:,,,,,,,,,,,,,,,,,,,
- 標準 Csr [min/s]:,,,0.41648094,,,,,,,,,,,,,,,,
- 標準 Css [Pa/mNm]:,,,"10,120.00",,,,,,,,,,,,,,,,
- 開始待機時間 [s]:,,,449.593,,,,,,,,,,,,,,,,
- 物質の密度 [rho]:,,,"1,000",,,,,,,,,,,,,,,,
- 測定のタイプ:,,,1,,,,,,,,,,,,,,,,
- モーター調整係数:,,,1,,,,,,,,,,,,,,,,
,,,,,,,,,,,,,,,,,,,
インターバル:,,,1,,,,,,,,,,,,,,,,
データポイント数:,,,11,,,,,,,,,,,,,,,,
,,,,,,,,,,,,,,,,,,,
時間設定:,,,11 測定点数,,,,,,,,,,,,,,,,
測定条件:,,,,,,,,,,,,,,,,,,,
#REF!,,,振り角 gamma = 0.1 %,,,,,,,,,,,,,,,,
,,,角周波数 omega = 1 ... 100 rad/s 対数; |傾き| = 5 点 / 桁 ,,,,,,,,,,,,,,,,
  ????????,,,FN = 1 N,,,,,,,,,,,,,,,,
,,,,,,,,,,,,,,,,,,,
測定点数,時間,温度,角周波数,周波数,せん断応力,ひずみ,位相角,複素弾性率,貯蔵弾性率,損失弾性率,複素粘度,損失正接,??????,???,????????,速度,ステータス,緩和弾性率,リフト速度/ギャップ
,[s],[°C],[1/s],[Hz],[Pa],[%],[°],[Pa],[Pa],[Pa],[Pa・s],[1],[mm],[μNm],[N],[μm/s],[],[Pa],[1/s]
1,33.072,50.0004,1.00E+00,0.159,3.17E+03,0.1,5.96523,3.17E+06,3.15E+06,3.29E+05,"3,170,000",0.104,1.37,314,1.01,0.00617,DSO,******,0.000109
2,57.053,50.0004,1.58E+00,0.252,3.26E+03,0.1,6.90935,3.26E+06,3.23E+06,3.92E+05,"2,050,000",0.121,1.37,322,0.998,-0.325,DSO,******,0.000365
3,75.918,50.0004,2.51E+00,0.4,3.36E+03,0.1,7.98821,3.37E+06,3.33E+06,4.68E+05,"1,340,000",0.14,1.37,333,0.963,0.725,DSO,******,0.000564
4,90.876,50.0003,3.98E+00,0.634,3.50E+03,0.1,9.40358,3.50E+06,3.46E+06,5.72E+05,"880,000",0.166,1.37,346,0.99,0,DSO,******,0
5,102.81,50.0003,6.31E+00,1,3.67E+03,0.1,11.0398,3.67E+06,3.60E+06,7.02E+05,"581,000",0.195,1.37,362,0.979,0.122,DSO,******,0.000617
6,112.38,50.0004,1.00E+01,1.59,3.87E+03,0.1,12.9866,3.87E+06,3.77E+06,8.69E+05,"387,000",0.231,1.37,382,1,-0.0337,DSO,******,0.0000246
7,120.09,50.0003,1.58E+01,2.52,4.12E+03,0.1,15.3201,4.12E+06,3.98E+06,1.09E+06,"260,000",0.274,1.37,407,1.01,0,DSO,******,0
8,126.57,50.0002,2.51E+01,4,4.45E+03,0.1,18.0628,4.45E+06,4.23E+06,1.38E+06,"177,000",0.326,1.37,440,1,0,DSO,******,0
9,131.93,50.1001,3.98E+01,6.34,4.89E+03,0.1,21.1424,4.88E+06,4.56E+06,1.76E+06,"123,000",0.387,1.37,483,1.01,0,DSO,******,0
10,138.92,50.1001,6.31E+01,10,5.49E+03,0.1,24.8876,5.48E+06,4.97E+06,2.31E+06,"86,800",0.464,1.37,542,0.93,1.25,DSO,******,0.00091
11,149.14,50.1,1.00E+02,15.9,6.21E+03,0.1,28.6516,6.20E+06,5.44E+06,2.97E+06,"62,000",0.546,1.37,613,1.01,0,DSO,******,0
,,,,,,,,,,,,,,,,,,,
データシリーズの情報,,,,,,,,,,,,,,,,,,,
名前:,,,2022_1114_freq 1 to 100_temp 60 to 100 step 10 4,,,,,,,,,,,,,,,,
サンプル:,,,3chain_cat_1%,,,,,,,,,,,,,,,,
使用者:,,,sasaki,,,,,,,,,,,,,,,,
インターバルの数:,,,1,,,,,,,,,,,,,,,,
アプリケーション:,,,RHEOPLUS/32 Multi16 V3.40 21000091-35633,,,,,,,,,,,,,,,,
装置:,,,MCR301 SN82000000; ID80924104; FW3.51D090908; Slot3; Adj17d,,,,,,,,,,,,,,,,
測定日/時間:,,,2022/11/14; 11:50 午後,,,,,,,,,,,,,,,,
測定治具:,,,PP08-SN23708; [d=0.1 mm],,,,,,,,,,,,,,,,
アクセス,,,TU1=CTD600-SN80897712; DevCOM1=TC30-SN80897712,,,,,,,,,,,,,,,,
,,,,,,,,,,,,,,,,,,,
定数の計算:,,,,,,,,,,,,,,,,,,,
- 標準 Csr [min/s]:,,,0.41648094,,,,,,,,,,,,,,,,
- 標準 Css [Pa/mNm]:,,,"10,120.00",,,,,,,,,,,,,,,,
- 開始待機時間 [s]:,,,454.663,,,,,,,,,,,,,,,,
- 物質の密度 [rho]:,,,"1,000",,,,,,,,,,,,,,,,
- 測定のタイプ:,,,1,,,,,,,,,,,,,,,,
- モーター調整係数:,,,1,,,,,,,,,,,,,,,,
,,,,,,,,,,,,,,,,,,,
インターバル:,,,1,,,,,,,,,,,,,,,,
データポイント数:,,,11,,,,,,,,,,,,,,,,
,,,,,,,,,,,,,,,,,,,
時間設定:,,,11 測定点数,,,,,,,,,,,,,,,,
測定条件:,,,,,,,,,,,,,,,,,,,
#REF!,,,振り角 gamma = 0.1 %,,,,,,,,,,,,,,,,
,,,角周波数 omega = 1 ... 100 rad/s 対数; |傾き| = 5 点 / 桁 ,,,,,,,,,,,,,,,,
  ????????,,,FN = 1 N,,,,,,,,,,,,,,,,
,,,,,,,,,,,,,,,,,,,
測定点数,時間,温度,角周波数,周波数,せん断応力,ひずみ,位相角,複素弾性率,貯蔵弾性率,損失弾性率,複素粘度,損失正接,??????,???,????????,速度,ステータス,緩和弾性率,リフト速度/ギャップ
,[s],[°C],[1/s],[Hz],[Pa],[%],[°],[Pa],[Pa],[Pa],[Pa・s],[1],[mm],[μNm],[N],[μm/s],[],[Pa],[1/s]
1,33.064,45.0004,1.00E+00,0.159,3.41E+03,0.1,9.11082,3.40E+06,3.36E+06,5.39E+05,"3,400,000",0.16,1.37,337,1.01,-0.00477,DSO,******,0.000164
2,57.045,45.0004,1.58E+00,0.252,3.55E+03,0.1,10.6968,3.55E+06,3.49E+06,6.60E+05,"2,240,000",0.189,1.37,351,0.984,-0.0886,DSO,******,0.000104
3,75.91,45.0003,2.51E+00,0.4,3.75E+03,0.0999,12.6837,3.75E+06,3.66E+06,8.24E+05,"1,490,000",0.225,1.37,370,0.975,-0.0385,DSO,******,0.00121
4,90.868,45.0003,3.98E+00,0.634,3.99E+03,0.1,15.0112,4.00E+06,3.86E+06,1.03E+06,"1,000,000",0.268,1.37,395,0.966,0.313,DSO,******,0.00131
5,102.8,45.0003,6.31E+00,1,4.31E+03,0.1,17.7985,4.31E+06,4.11E+06,1.32E+06,"683,000",0.321,1.37,426,0.952,1.28,DSO,******,0.00108
6,112.37,45.0003,1.00E+01,1.59,4.71E+03,0.0999,20.8845,4.72E+06,4.41E+06,1.68E+06,"472,000",0.382,1.37,466,0.94,1.77,DSO,******,0.00143
7,120.08,45.0002,1.58E+01,2.52,5.28E+03,0.1,24.5326,5.28E+06,4.81E+06,2.19E+06,"333,000",0.456,1.37,522,0.949,1.27,DSO,******,0.000924
8,126.56,45.0002,2.51E+01,4,6.00E+03,0.1,28.2207,6.00E+06,5.28E+06,2.84E+06,"239,000",0.537,1.37,593,1.06,-0.857,DSO,******,0.000629
9,131.92,45.0002,3.98E+01,6.34,6.91E+03,0.0998,31.888,6.92E+06,5.88E+06,3.66E+06,"174,000",0.622,1.37,683,0.99,0,DSO,******,0
10,136.42,45.0003,6.31E+01,10,8.19E+03,0.0995,35.5726,8.23E+06,6.69E+06,4.79E+06,"130,000",0.715,1.37,809,0.988,0,DSO,******,0
11,140.93,45.1,1.00E+02,15.9,1.01E+04,0.0999,39.2633,1.01E+07,7.85E+06,6.41E+06,"101,000",0.817,1.37,"1,000",1.06,-1.28,DSO,******,0.000938
,,,,,,,,,,,,,,,,,,,
データシリーズの情報,,,,,,,,,,,,,,,,,,,
名前:,,,2022_1114_freq 1 to 100_temp 60 to 100 step 10 5,,,,,,,,,,,,,,,,
サンプル:,,,3chain_cat_1%,,,,,,,,,,,,,,,,
使用者:,,,sasaki,,,,,,,,,,,,,,,,
インターバルの数:,,,1,,,,,,,,,,,,,,,,
アプリケーション:,,,RHEOPLUS/32 Multi16 V3.40 21000091-35633,,,,,,,,,,,,,,,,
装置:,,,MCR301 SN82000000; ID80924104; FW3.51D090908; Slot3; Adj17d,,,,,,,,,,,,,,,,
測定日/時間:,,,2022/11/14; 12:00 午後,,,,,,,,,,,,,,,,
測定治具:,,,PP08-SN23708; [d=0.1 mm],,,,,,,,,,,,,,,,
アクセス,,,TU1=CTD600-SN80897712; DevCOM1=TC30-SN80897712,,,,,,,,,,,,,,,,
,,,,,,,,,,,,,,,,,,,
定数の計算:,,,,,,,,,,,,,,,,,,,
- 標準 Csr [min/s]:,,,0.41648094,,,,,,,,,,,,,,,,
- 標準 Css [Pa/mNm]:,,,"10,120.00",,,,,,,,,,,,,,,,
- 開始待機時間 [s]:,,,455.053,,,,,,,,,,,,,,,,
- 物質の密度 [rho]:,,,"1,000",,,,,,,,,,,,,,,,
- 測定のタイプ:,,,1,,,,,,,,,,,,,,,,
- モーター調整係数:,,,1,,,,,,,,,,,,,,,,
,,,,,,,,,,,,,,,,,,,
インターバル:,,,1,,,,,,,,,,,,,,,,
データポイント数:,,,11,,,,,,,,,,,,,,,,
,,,,,,,,,,,,,,,,,,,
時間設定:,,,11 測定点数,,,,,,,,,,,,,,,,
測定条件:,,,,,,,,,,,,,,,,,,,
#REF!,,,振り角 gamma = 0.1 %,,,,,,,,,,,,,,,,
,,,角周波数 omega = 1 ... 100 rad/s 対数; |傾き| = 5 点 / 桁 ,,,,,,,,,,,,,,,,
  ????????,,,FN = 1 N,,,,,,,,,,,,,,,,
,,,,,,,,,,,,,,,,,,,
測定点数,時間,温度,角周波数,周波数,せん断応力,ひずみ,位相角,複素弾性率,貯蔵弾性率,損失弾性率,複素粘度,損失正接,??????,???,????????,速度,ステータス,緩和弾性率,リフト速度/ギャップ
,[s],[°C],[1/s],[Hz],[Pa],[%],[°],[Pa],[Pa],[Pa],[Pa・s],[1],[mm],[μNm],[N],[μm/s],[],[Pa],[1/s]
1,33.014,40.1,1.00E+00,0.159,4.02E+03,0.1,16.1405,4.01E+06,3.85E+06,1.11E+06,"4,010,000",0.289,1.37,397,0.99,0.458,DSO,******,0.00061
2,56.995,40.0004,1.58E+00,0.252,4.35E+03,0.1,19.1443,4.35E+06,4.11E+06,1.43E+06,"2,740,000",0.347,1.37,430,0.996,0.221,DSO,******,0.000453
3,75.86,40.0004,2.51E+00,0.4,4.80E+03,0.0999,22.5501,4.81E+06,4.44E+06,1.84E+06,"1,910,000",0.415,1.37,474,1.03,-1.54,DSO,******,0.00138
4,90.818,40.0003,3.98E+00,0.634,5.42E+03,0.1,26.3122,5.42E+06,4.86E+06,2.40E+06,"1,360,000",0.494,1.37,536,0.936,1.07,DSO,******,0.000962
5,102.75,40.0003,6.31E+00,1,6.25E+03,0.0999,30.2872,6.25E+06,5.40E+06,3.15E+06,"991,000",0.584,1.37,617,0.957,0.884,DSO,******,0.00163
6,112.32,40.0004,1.00E+01,1.59,7.34E+03,0.1,34.1594,7.34E+06,6.07E+06,4.12E+06,"734,000",0.679,1.37,725,0.978,0,DSO,******,0
7,120.03,40.0003,1.58E+01,2.52,8.93E+03,0.1,38.131,8.92E+06,7.02E+06,5.51E+06,"563,000",0.785,1.37,882,0.977,0.383,DSO,******,0.00128
8,130.39,40.0002,2.51E+01,4,1.10E+04,0.0999,41.6342,1.11E+07,8.26E+06,7.34E+06,"440,000",0.889,1.37,"1,090",0.987,-0.0672,DSO,******,0.00127
9,141.86,40.0003,3.98E+01,6.34,1.39E+04,0.0999,44.5543,1.40E+07,9.95E+06,9.80E+06,"351,000",0.985,1.37,"1,380",0.996,0,DSO,******,0
10,152.6,40.0003,6.31E+01,10,1.78E+04,0.0999,46.7602,1.78E+07,1.22E+07,1.30E+07,"283,000",1.06,1.37,"1,760",0.968,1.17,DSO,******,0.00128
11,163.01,40.0003,1.00E+02,15.9,2.30E+04,0.0997,48.2015,2.30E+07,1.54E+07,1.72E+07,"230,000",1.12,1.37,"2,270",0.992,0.347,DSO,******,0.00102
,,,,,,,,,,,,,,,,,,,
データシリーズの情報,,,,,,,,,,,,,,,,,,,
名前:,,,2022_1114_freq 1 to 100_temp 60 to 100 step 10 6,,,,,,,,,,,,,,,,
サンプル:,,,3chain_cat_1%,,,,,,,,,,,,,,,,
使用者:,,,sasaki,,,,,,,,,,,,,,,,
インターバルの数:,,,1,,,,,,,,,,,,,,,,
アプリケーション:,,,RHEOPLUS/32 Multi16 V3.40 21000091-35633,,,,,,,,,,,,,,,,
装置:,,,MCR301 SN82000000; ID80924104; FW3.51D090908; Slot3; Adj17d,,,,,,,,,,,,,,,,
測定日/時間:,,,2022/11/14; 12:11 午後,,,,,,,,,,,,,,,,
測定治具:,,,PP08-SN23708; [d=0.1 mm],,,,,,,,,,,,,,,,
アクセス,,,TU1=CTD600-SN80897712; DevCOM1=TC30-SN80897712,,,,,,,,,,,,,,,,
,,,,,,,,,,,,,,,,,,,
定数の計算:,,,,,,,,,,,,,,,,,,,
- 標準 Csr [min/s]:,,,0.41648094,,,,,,,,,,,,,,,,
- 標準 Css [Pa/mNm]:,,,"10,120.00",,,,,,,,,,,,,,,,
- 開始待機時間 [s]:,,,461.183,,,,,,,,,,,,,,,,
- 物質の密度 [rho]:,,,"1,000",,,,,,,,,,,,,,,,
- 測定のタイプ:,,,1,,,,,,,,,,,,,,,,
- モーター調整係数:,,,1,,,,,,,,,,,,,,,,
,,,,,,,,,,,,,,,,,,,
インターバル:,,,1,,,,,,,,,,,,,,,,
データポイント数:,,,11,,,,,,,,,,,,,,,,
,,,,,,,,,,,,,,,,,,,
時間設定:,,,11 測定点数,,,,,,,,,,,,,,,,
測定条件:,,,,,,,,,,,,,,,,,,,
#REF!,,,振り角 gamma = 0.1 %,,,,,,,,,,,,,,,,
,,,角周波数 omega = 1 ... 100 rad/s 対数; |傾き| = 5 点 / 桁 ,,,,,,,,,,,,,,,,
  ????????,,,FN = 1 N,,,,,,,,,,,,,,,,
,,,,,,,,,,,,,,,,,,,
測定点数,時間,温度,角周波数,周波数,せん断応力,ひずみ,位相角,複素弾性率,貯蔵弾性率,損失弾性率,複素粘度,損失正接,??????,???,????????,速度,ステータス,緩和弾性率,リフト速度/ギャップ
,[s],[°C],[1/s],[Hz],[Pa],[%],[°],[Pa],[Pa],[Pa],[Pa・s],[1],[mm],[μNm],[N],[μm/s],[],[Pa],[1/s]
1,32.766,35.0004,1.00E+00,0.159,6.43E+03,0.1,32.133,6.41E+06,5.43E+06,3.41E+06,"6,410,000",0.628,1.36,635,0.975,1.08,DSO,******,0.00166
2,56.747,35.0004,1.58E+00,0.252,7.67E+03,0.1,36.2565,7.68E+06,6.19E+06,4.54E+06,"4,840,000",0.733,1.36,758,1,0.352,DSO,******,0.00233
3,75.612,35.0003,2.51E+00,0.4,9.40E+03,0.1,39.9126,9.40E+06,7.21E+06,6.03E+06,"3,740,000",0.837,1.36,929,1.03,0,DSO,******,0
4,90.57,35.0003,3.98E+00,0.634,1.17E+04,0.1,42.9637,1.18E+07,8.60E+06,8.01E+06,"2,950,000",0.931,1.36,"1,160",1.06,-1.66,DSO,******,0.00192
5,104.83,35.0003,6.31E+00,1,1.49E+04,0.1,45.3243,1.49E+07,1.05E+07,1.06E+07,"2,370,000",1.01,1.36,"1,480",1.02,-1.24,DSO,******,0.00158
6,114.4,35.0003,1.00E+01,1.59,1.91E+04,0.0998,46.97,1.92E+07,1.31E+07,1.40E+07,"1,920,000",1.07,1.36,"1,890",0.943,0,DSO,******,0
7,128.83,35.0003,1.58E+01,2.52,2.49E+04,0.0997,47.8796,2.50E+07,1.67E+07,1.85E+07,"1,580,000",1.11,1.36,"2,460",0.954,0.364,DSO,******,0.00248
8,142.21,35.0003,2.51E+01,4,3.19E+04,0.0997,48.1889,3.20E+07,2.13E+07,2.38E+07,"1,270,000",1.12,1.36,"3,150",0.995,-0.525,DSO,******,0.000423
9,155.22,35.0002,3.98E+01,6.34,4.16E+04,0.0999,47.8867,4.16E+07,2.79E+07,3.09E+07,"1,050,000",1.11,1.36,"4,110",1.03,-0.757,DSO,******,0.00246
10,166.68,35.0003,6.31E+01,10,5.33E+04,0.0997,47.0272,5.35E+07,3.64E+07,3.91E+07,"847,000",1.07,1.36,"5,270",1.03,-0.617,DSO,******,0.00235
11,177.46,35.0003,1.00E+02,15.9,6.76E+04,0.1,45.9189,6.74E+07,4.69E+07,4.84E+07,"674,000",1.03,1.36,"6,680",0.99,-0.164,DSO,******,0.0032
,,,,,,,,,,,,,,,,,,,
データシリーズの情報,,,,,,,,,,,,,,,,,,,
名前:,,,2022_1114_freq 1 to 100_temp 60 to 100 step 10 7,,,,,,,,,,,,,,,,
サンプル:,,,3chain_cat_1%,,,,,,,,,,,,,,,,
使用者:,,,sasaki,,,,,,,,,,,,,,,,
インターバルの数:,,,1,,,,,,,,,,,,,,,,
アプリケーション:,,,RHEOPLUS/32 Multi16 V3.40 21000091-35633,,,,,,,,,,,,,,,,
装置:,,,MCR301 SN82000000; ID80924104; FW3.51D090908; Slot3; Adj17d,,,,,,,,,,,,,,,,
測定日/時間:,,,2022/11/14; 12:21 午後,,,,,,,,,,,,,,,,
測定治具:,,,PP08-SN23708; [d=0.1 mm],,,,,,,,,,,,,,,,
アクセス,,,TU1=CTD600-SN80897712; DevCOM1=TC30-SN80897712,,,,,,,,,,,,,,,,
,,,,,,,,,,,,,,,,,,,
定数の計算:,,,,,,,,,,,,,,,,,,,
- 標準 Csr [min/s]:,,,0.41648094,,,,,,,,,,,,,,,,
- 標準 Css [Pa/mNm]:,,,"10,120.00",,,,,,,,,,,,,,,,
- 開始待機時間 [s]:,,,451.683,,,,,,,,,,,,,,,,
- 物質の密度 [rho]:,,,"1,000",,,,,,,,,,,,,,,,
- 測定のタイプ:,,,1,,,,,,,,,,,,,,,,
- モーター調整係数:,,,1,,,,,,,,,,,,,,,,
,,,,,,,,,,,,,,,,,,,
インターバル:,,,1,,,,,,,,,,,,,,,,
データポイント数:,,,11,,,,,,,,,,,,,,,,
,,,,,,,,,,,,,,,,,,,
時間設定:,,,11 測定点数,,,,,,,,,,,,,,,,
測定条件:,,,,,,,,,,,,,,,,,,,
#REF!,,,振り角 gamma = 0.1 %,,,,,,,,,,,,,,,,
,,,角周波数 omega = 1 ... 100 rad/s 対数; |傾き| = 5 点 / 桁 ,,,,,,,,,,,,,,,,
  ????????,,,FN = 1 N,,,,,,,,,,,,,,,,
,,,,,,,,,,,,,,,,,,,
測定点数,時間,温度,角周波数,周波数,せん断応力,ひずみ,位相角,複素弾性率,貯蔵弾性率,損失弾性率,複素粘度,損失正接,??????,???,????????,速度,ステータス,緩和弾性率,リフト速度/ギャップ
,[s],[°C],[1/s],[Hz],[Pa],[%],[°],[Pa],[Pa],[Pa],[Pa・s],[1],[mm],[μNm],[N],[μm/s],[],[Pa],[1/s]
1,36.456,30.0003,1.00E+00,0.159,2.27E+04,0.1,46.0056,2.26E+07,1.57E+07,1.63E+07,"22,600,000",1.04,1.36,"2,240",0.984,0.108,DSO,******,0.0019
2,60.437,30.0004,1.58E+00,0.252,2.87E+04,0.0999,46.2232,2.87E+07,1.99E+07,2.07E+07,"18,100,000",1.04,1.36,"2,840",1,1.94,DSO,******,0.00222
3,80.096,30.0003,2.51E+00,0.4,3.68E+04,0.1,46.0311,3.68E+07,2.55E+07,2.65E+07,"14,600,000",1.04,1.36,"3,630",1.07,-1.81,DSO,******,0.00191
4,95.054,30.0003,3.98E+00,0.634,4.70E+04,0.1,45.4222,4.70E+07,3.30E+07,3.35E+07,"11,800,000",1.01,1.36,"4,650",1.07,-2.42,DSO,******,0.00247
5,115.15,30.0003,6.31E+00,1,5.97E+04,0.0996,44.4296,6.00E+07,4.28E+07,4.20E+07,"9,500,000",0.98,1.36,"5,900",0.969,0.773,DSO,******,0.0016
6,132.96,30.0003,1.00E+01,1.59,7.57E+04,0.0997,43.1198,7.59E+07,5.54E+07,5.19E+07,"7,590,000",0.936,1.36,"7,480",1.01,-0.692,DSO,******,0.00223
7,148.03,30.0003,1.58E+01,2.52,9.47E+04,0.0998,41.4087,9.49E+07,7.11E+07,6.27E+07,"5,980,000",0.882,1.36,"9,360",1,-0.163,DSO,******,0.00243
8,161.78,30.0002,2.51E+01,4,1.17E+05,0.0999,39.3223,1.17E+08,9.04E+07,7.41E+07,"4,650,000",0.819,1.36,"11,500",1.03,-1.07,DSO,******,0.00233
9,174.56,30.0003,3.98E+01,6.34,1.43E+05,0.1,36.9369,1.42E+08,1.14E+08,8.56E+07,"3,580,000",0.752,1.36,"14,100",1.06,-1.83,DSO,******,0.00143
10,186.41,30.0002,6.31E+01,10,1.71E+05,0.0998,34.1748,1.72E+08,1.42E+08,9.64E+07,"2,720,000",0.679,1.36,"16,900",0.931,1.01,DSO,******,0.000747
11,197.72,30.0003,1.00E+02,15.9,2.03E+05,0.1,31.3659,2.03E+08,1.74E+08,1.06E+08,"2,030,000",0.61,1.36,"20,100",1.02,-0.868,DSO,******,0.00228
,,,,,,,,,,,,,,,,,,,
データシリーズの情報,,,,,,,,,,,,,,,,,,,
名前:,,,2022_1114_freq 1 to 100_temp 60 to 100 step 10 8,,,,,,,,,,,,,,,,
サンプル:,,,3chain_cat_1%,,,,,,,,,,,,,,,,
使用者:,,,sasaki,,,,,,,,,,,,,,,,
インターバルの数:,,,1,,,,,,,,,,,,,,,,
アプリケーション:,,,RHEOPLUS/32 Multi16 V3.40 21000091-35633,,,,,,,,,,,,,,,,
装置:,,,MCR301 SN82000000; ID80924104; FW3.51D090908; Slot3; Adj17d,,,,,,,,,,,,,,,,
測定日/時間:,,,2022/11/14; 12:32 午後,,,,,,,,,,,,,,,,
測定治具:,,,PP08-SN23708; [d=0.1 mm],,,,,,,,,,,,,,,,
アクセス,,,TU1=CTD600-SN80897712; DevCOM1=TC30-SN80897712,,,,,,,,,,,,,,,,
,,,,,,,,,,,,,,,,,,,
定数の計算:,,,,,,,,,,,,,,,,,,,
- 標準 Csr [min/s]:,,,0.41648094,,,,,,,,,,,,,,,,
- 標準 Css [Pa/mNm]:,,,"10,120.00",,,,,,,,,,,,,,,,
- 開始待機時間 [s]:,,,453.493,,,,,,,,,,,,,,,,
- 物質の密度 [rho]:,,,"1,000",,,,,,,,,,,,,,,,
- 測定のタイプ:,,,1,,,,,,,,,,,,,,,,
- モーター調整係数:,,,1,,,,,,,,,,,,,,,,
,,,,,,,,,,,,,,,,,,,
インターバル:,,,1,,,,,,,,,,,,,,,,
データポイント数:,,,11,,,,,,,,,,,,,,,,
,,,,,,,,,,,,,,,,,,,
時間設定:,,,11 測定点数,,,,,,,,,,,,,,,,
測定条件:,,,,,,,,,,,,,,,,,,,
#REF!,,,振り角 gamma = 0.1 %,,,,,,,,,,,,,,,,
,,,角周波数 omega = 1 ... 100 rad/s 対数; |傾き| = 5 点 / 桁 ,,,,,,,,,,,,,,,,
  ????????,,,FN = 1 N,,,,,,,,,,,,,,,,
,,,,,,,,,,,,,,,,,,,
測定点数,時間,温度,角周波数,周波数,せん断応力,ひずみ,位相角,複素弾性率,貯蔵弾性率,損失弾性率,複素粘度,損失正接,??????,???,????????,速度,ステータス,緩和弾性率,リフト速度/ギャップ
,[s],[°C],[1/s],[Hz],[Pa],[%],[°],[Pa],[Pa],[Pa],[Pa・s],[1],[mm],[μNm],[N],[μm/s],[],[Pa],[1/s]
1,39.594,25.0003,1.00E+00,0.159,1.18E+05,0.1,37.1635,1.18E+08,9.41E+07,7.13E+07,"118,000,000",0.758,1.35,"11,700",0.994,2.31,DSO,******,0.00185
2,75.581,25.0003,1.58E+00,0.252,1.42E+05,0.1,35.1868,1.42E+08,1.16E+08,8.20E+07,"89,800,000",0.705,1.35,"14,100",0.943,4.51,DSO,******,0.00381
3,107.39,25.0002,2.51E+00,0.4,1.71E+05,0.0998,32.8408,1.71E+08,1.44E+08,9.29E+07,"68,200,000",0.645,1.35,"16,900",1.12,-3.51,DSO,******,0.00286
4,131.78,25.0003,3.98E+00,0.634,2.01E+05,0.0999,30.4125,2.02E+08,1.74E+08,1.02E+08,"50,600,000",0.587,1.35,"19,900",0.973,-0.352,DSO,******,0.00203
5,150.98,25.0002,6.31E+00,1,2.33E+05,0.1,28.0577,2.33E+08,2.06E+08,1.10E+08,"36,900,000",0.533,1.35,"23,100",1.12,-3.2,DSO,******,0.00283
6,168.23,25.0002,1.00E+01,1.59,2.69E+05,0.0999,25.4856,2.69E+08,2.43E+08,1.16E+08,"26,900,000",0.477,1.35,"26,500",1.06,-3.34,DSO,******,0.00265
7,182.79,25.0002,1.58E+01,2.52,3.04E+05,0.0999,23.0553,3.05E+08,2.80E+08,1.19E+08,"19,200,000",0.426,1.35,"30,100",0.952,1.07,DSO,******,0.00223
8,195.58,25.0002,2.51E+01,4,3.39E+05,0.0998,20.7849,3.40E+08,3.18E+08,1.21E+08,"13,500,000",0.38,1.35,"33,500",1.01,0,DSO,******,0
9,207.05,25.0002,3.98E+01,6.34,3.74E+05,0.1,18.7121,3.74E+08,3.54E+08,1.20E+08,"9,400,000",0.339,1.35,"37,000",0.91,3.69,DSO,******,0.00277
10,217.35,25.0002,6.31E+01,10,4.08E+05,0.0998,16.7211,4.08E+08,3.91E+08,1.18E+08,"6,470,000",0.3,1.35,"40,300",0.996,1.07,DSO,******,0.000811
11,226.58,25.0002,1.00E+02,15.9,4.37E+05,0.0998,15.0508,4.38E+08,4.23E+08,1.14E+08,"4,380,000",0.269,1.35,"43,200",1.03,-0.317,DSO,******,0.00237
,,,,,,,,,,,,,,,,,,,
データシリーズの情報,,,,,,,,,,,,,,,,,,,
名前:,,,2022_1114_freq 1 to 100_temp 60 to 100 step 10 9,,,,,,,,,,,,,,,,
サンプル:,,,3chain_cat_1%,,,,,,,,,,,,,,,,
使用者:,,,sasaki,,,,,,,,,,,,,,,,
インターバルの数:,,,1,,,,,,,,,,,,,,,,
アプリケーション:,,,RHEOPLUS/32 Multi16 V3.40 21000091-35633,,,,,,,,,,,,,,,,
装置:,,,MCR301 SN82000000; ID80924104; FW3.51D090908; Slot3; Adj17d,,,,,,,,,,,,,,,,
測定日/時間:,,,2022/11/14; 12:44 午後,,,,,,,,,,,,,,,,
測定治具:,,,PP08-SN23708; [d=0.1 mm],,,,,,,,,,,,,,,,
アクセス,,,TU1=CTD600-SN80897712; DevCOM1=TC30-SN80897712,,,,,,,,,,,,,,,,
,,,,,,,,,,,,,,,,,,,
定数の計算:,,,,,,,,,,,,,,,,,,,
- 標準 Csr [min/s]:,,,0.41648094,,,,,,,,,,,,,,,,
- 標準 Css [Pa/mNm]:,,,"10,120.00",,,,,,,,,,,,,,,,
- 開始待機時間 [s]:,,,450.857,,,,,,,,,,,,,,,,
- 物質の密度 [rho]:,,,"1,000",,,,,,,,,,,,,,,,
- 測定のタイプ:,,,1,,,,,,,,,,,,,,,,
- モーター調整係数:,,,1,,,,,,,,,,,,,,,,
,,,,,,,,,,,,,,,,,,,
インターバル:,,,1,,,,,,,,,,,,,,,,
データポイント数:,,,11,,,,,,,,,,,,,,,,
,,,,,,,,,,,,,,,,,,,
時間設定:,,,11 測定点数,,,,,,,,,,,,,,,,
測定条件:,,,,,,,,,,,,,,,,,,,
#REF!,,,振り角 gamma = 0.1 %,,,,,,,,,,,,,,,,
,,,角周波数 omega = 1 ... 100 rad/s 対数; |傾き| = 5 点 / 桁 ,,,,,,,,,,,,,,,,
  ????????,,,FN = 1 N,,,,,,,,,,,,,,,,
,,,,,,,,,,,,,,,,,,,
測定点数,時間,温度,角周波数,周波数,せん断応力,ひずみ,位相角,複素弾性率,貯蔵弾性率,損失弾性率,複素粘度,損失正接,??????,???,????????,速度,ステータス,緩和弾性率,リフト速度/ギャップ
,[s],[°C],[1/s],[Hz],[Pa],[%],[°],[Pa],[Pa],[Pa],[Pa・s],[1],[mm],[μNm],[N],[μm/s],[],[Pa],[1/s]
1,48.194,20.0004,1.00E+00,0.159,3.93E+05,0.1,17.5375,3.92E+08,3.74E+08,1.18E+08,"392,000,000",0.316,1.35,"38,800",1.05,-1.19,DSO,******,0.00222
2,83.637,20.0004,1.58E+00,0.252,4.23E+05,0.1,15.9303,4.23E+08,4.07E+08,1.16E+08,"267,000,000",0.285,1.35,"41,800",0.987,-0.977,DSO,******,0.00301
3,112.22,20.0003,2.51E+00,0.4,4.55E+05,0.1,14.4614,4.55E+08,4.41E+08,1.14E+08,"181,000,000",0.258,1.35,"45,000",0.986,-0.968,DSO,******,0.0023
4,134.24,20.0003,3.98E+00,0.634,4.86E+05,0.1,13.0591,4.87E+08,4.74E+08,1.10E+08,"122,000,000",0.232,1.35,"48,100",0.981,0.375,DSO,******,0.00242
5,151.68,20.0003,6.31E+00,1,5.16E+05,0.1,11.8083,5.16E+08,5.05E+08,1.06E+08,"81,800,000",0.209,1.35,"51,000",1.1,-2.27,DSO,******,0.0028
6,166.34,20.0003,1.00E+01,1.59,5.44E+05,0.1,10.6305,5.44E+08,5.35E+08,1.00E+08,"54,400,000",0.188,1.35,"53,800",1.05,-0.399,DSO,******,0.00269
7,178.66,20.0003,1.58E+01,2.52,5.71E+05,0.0999,9.50507,5.72E+08,5.64E+08,9.44E+07,"36,100,000",0.167,1.35,"56,400",0.982,1.73,DSO,******,0.00165
8,189.39,20.0002,2.51E+01,4,5.96E+05,0.0999,8.49182,5.97E+08,5.90E+08,8.81E+07,"23,800,000",0.149,1.35,"58,900",0.976,0.999,DSO,******,0.00242
9,198.43,20.0002,3.98E+01,6.34,6.19E+05,0.0998,7.60076,6.20E+08,6.14E+08,8.20E+07,"15,600,000",0.133,1.35,"61,100",1.02,0,DSO,******,0
10,205.95,20.0002,6.31E+01,10,6.39E+05,0.0998,6.79996,6.40E+08,6.36E+08,7.58E+07,"10,100,000",0.119,1.35,"63,100",1.03,-1.25,DSO,******,0.00147
11,212.83,20.0003,1.00E+02,15.9,6.58E+05,0.0998,6.09755,6.59E+08,6.55E+08,7.00E+07,"6,590,000",0.107,1.35,"65,000",1.04,-1.16,DSO,******,0.00262
,,,,,,,,,,,,,,,,,,,
データシリーズの情報,,,,,,,,,,,,,,,,,,,
名前:,,,2022_1114_freq 1 to 100_temp 60 to 100 step 10 10,,,,,,,,,,,,,,,,
サンプル:,,,3chain_cat_1%,,,,,,,,,,,,,,,,
使用者:,,,sasaki,,,,,,,,,,,,,,,,
インターバルの数:,,,1,,,,,,,,,,,,,,,,
アプリケーション:,,,RHEOPLUS/32 Multi16 V3.40 21000091-35633,,,,,,,,,,,,,,,,
装置:,,,MCR301 SN82000000; ID80924104; FW3.51D090908; Slot3; Adj17d,,,,,,,,,,,,,,,,
測定日/時間:,,,2022/11/14; 12:55 午後,,,,,,,,,,,,,,,,
測定治具:,,,PP08-SN23708; [d=0.1 mm],,,,,,,,,,,,,,,,
アクセス,,,TU1=CTD600-SN80897712; DevCOM1=TC30-SN80897712,,,,,,,,,,,,,,,,
,,,,,,,,,,,,,,,,,,,
定数の計算:,,,,,,,,,,,,,,,,,,,
- 標準 Csr [min/s]:,,,0.41648094,,,,,,,,,,,,,,,,
- 標準 Css [Pa/mNm]:,,,"10,120.00",,,,,,,,,,,,,,,,
- 開始待機時間 [s]:,,,454.725,,,,,,,,,,,,,,,,
- 物質の密度 [rho]:,,,"1,000",,,,,,,,,,,,,,,,
- 測定のタイプ:,,,1,,,,,,,,,,,,,,,,
- モーター調整係数:,,,1,,,,,,,,,,,,,,,,
,,,,,,,,,,,,,,,,,,,
インターバル:,,,1,,,,,,,,,,,,,,,,
データポイント数:,,,11,,,,,,,,,,,,,,,,
,,,,,,,,,,,,,,,,,,,
時間設定:,,,11 測定点数,,,,,,,,,,,,,,,,
測定条件:,,,,,,,,,,,,,,,,,,,
#REF!,,,振り角 gamma = 0.1 %,,,,,,,,,,,,,,,,
,,,角周波数 omega = 1 ... 100 rad/s 対数; |傾き| = 5 点 / 桁 ,,,,,,,,,,,,,,,,
  ????????,,,FN = 1 N,,,,,,,,,,,,,,,,
,,,,,,,,,,,,,,,,,,,
測定点数,時間,温度,角周波数,周波数,せん断応力,ひずみ,位相角,複素弾性率,貯蔵弾性率,損失弾性率,複素粘度,損失正接,??????,???,????????,速度,ステータス,緩和弾性率,リフト速度/ギャップ
,[s],[°C],[1/s],[Hz],[Pa],[%],[°],[Pa],[Pa],[Pa],[Pa・s],[1],[mm],[μNm],[N],[μm/s],[],[Pa],[1/s]
1,48.824,15.0238,1.00E+00,0.159,6.30E+05,0.1,8.01193,6.29E+08,6.23E+08,8.77E+07,"629,000,000",0.141,1.35,"62,200",0.988,0.745,DSO,******,0.00453
2,80.029,15.0004,1.58E+00,0.252,6.52E+05,0.0999,7.08029,6.53E+08,6.48E+08,8.05E+07,"412,000,000",0.124,1.35,"64,500",0.962,-1.07,DSO,******,0.00362
3,103.67,15.0003,2.51E+00,0.4,6.72E+05,0.0999,6.36763,6.73E+08,6.69E+08,7.47E+07,"268,000,000",0.112,1.35,"66,500",1.07,-3.58,DSO,******,0.0036
4,122.03,15.0003,3.98E+00,0.634,6.92E+05,0.1,5.70937,6.92E+08,6.89E+08,6.89E+07,"174,000,000",0.1,1.35,"68,400",0.982,-3.09,DSO,******,0.00366
5,135.6,15.0003,6.31E+00,1,7.09E+05,0.1,5.13105,7.09E+08,7.07E+08,6.34E+07,"112,000,000",0.0898,1.35,"70,100",0.894,1.33,DSO,******,0.00349
6,146.04,15.0003,1.00E+01,1.59,7.24E+05,0.0999,4.63391,7.24E+08,7.22E+08,5.85E+07,"72,400,000",0.0811,1.35,"71,500",0.859,4.3,DSO,******,0.00366
7,153.75,15.0002,1.58E+01,2.52,7.37E+05,0.0998,4.18871,7.38E+08,7.36E+08,5.39E+07,"46,600,000",0.0732,1.35,"72,800",1.06,-0.0503,DSO,******,0.00342
8,160.23,15.0002,2.51E+01,4,7.48E+05,0.0997,3.81879,7.51E+08,7.49E+08,5.00E+07,"29,900,000",0.0667,1.35,"74,000",1.17,-5.28,DSO,******,0.00439
9,165.59,15.0003,3.98E+01,6.34,7.60E+05,0.0997,3.50409,7.62E+08,7.61E+08,4.66E+07,"19,100,000",0.0612,1.35,"75,100",1.01,-1.28,DSO,******,0.00336
10,170.09,15.0002,6.31E+01,10,7.70E+05,0.0997,3.2483,7.72E+08,7.71E+08,4.38E+07,"12,200,000",0.0568,1.35,"76,100",0.933,0.846,DSO,******,0.00308
11,174.6,15.0003,1.00E+02,15.9,7.81E+05,0.0998,3.00723,7.83E+08,7.82E+08,4.11E+07,"7,830,000",0.0525,1.35,"77,200",1.11,-4.61,DSO,******,0.00392
,,,,,,,,,,,,,,,,,,,
データシリーズの情報,,,,,,,,,,,,,,,,,,,
名前:,,,2022_1114_freq 1 to 100_temp 60 to 100 step 10 11,,,,,,,,,,,,,,,,
サンプル:,,,3chain_cat_1%,,,,,,,,,,,,,,,,
使用者:,,,sasaki,,,,,,,,,,,,,,,,
インターバルの数:,,,1,,,,,,,,,,,,,,,,
アプリケーション:,,,RHEOPLUS/32 Multi16 V3.40 21000091-35633,,,,,,,,,,,,,,,,
装置:,,,MCR301 SN82000000; ID80924104; FW3.51D090908; Slot3; Adj17d,,,,,,,,,,,,,,,,
測定日/時間:,,,2022/11/14; 13:05 午後,,,,,,,,,,,,,,,,
測定治具:,,,PP08-SN23708; [d=0.1 mm],,,,,,,,,,,,,,,,
アクセス,,,TU1=CTD600-SN80897712; DevCOM1=TC30-SN80897712,,,,,,,,,,,,,,,,
,,,,,,,,,,,,,,,,,,,
定数の計算:,,,,,,,,,,,,,,,,,,,
- 標準 Csr [min/s]:,,,0.41648094,,,,,,,,,,,,,,,,
- 標準 Css [Pa/mNm]:,,,"10,120.00",,,,,,,,,,,,,,,,
- 開始待機時間 [s]:,,,447.019,,,,,,,,,,,,,,,,
- 物質の密度 [rho]:,,,"1,000",,,,,,,,,,,,,,,,
- 測定のタイプ:,,,1,,,,,,,,,,,,,,,,
- モーター調整係数:,,,1,,,,,,,,,,,,,,,,
,,,,,,,,,,,,,,,,,,,
インターバル:,,,1,,,,,,,,,,,,,,,,
データポイント数:,,,11,,,,,,,,,,,,,,,,
,,,,,,,,,,,,,,,,,,,
時間設定:,,,11 測定点数,,,,,,,,,,,,,,,,
測定条件:,,,,,,,,,,,,,,,,,,,
#REF!,,,振り角 gamma = 0.1 %,,,,,,,,,,,,,,,,
,,,角周波数 omega = 1 ... 100 rad/s 対数; |傾き| = 5 点 / 桁 ,,,,,,,,,,,,,,,,
  ????????,,,FN = 1 N,,,,,,,,,,,,,,,,
,,,,,,,,,,,,,,,,,,,
測定点数,時間,温度,角周波数,周波数,せん断応力,ひずみ,位相角,複素弾性率,貯蔵弾性率,損失弾性率,複素粘度,損失正接,??????,???,????????,速度,ステータス,緩和弾性率,リフト速度/ギャップ
,[s],[°C],[1/s],[Hz],[Pa],[%],[°],[Pa],[Pa],[Pa],[Pa・s],[1],[mm],[μNm],[N],[μm/s],[],[Pa],[1/s]
1,49.196,10.0003,1.00E+00,0.159,7.62E+05,0.1,3.83889,7.61E+08,7.59E+08,5.09E+07,"761,000,000",0.0671,1.34,"75,300",0.966,-0.18,DSO,******,0.000135
2,73.177,10.0002,1.58E+00,0.252,7.72E+05,0.0999,3.47814,7.73E+08,7.71E+08,4.69E+07,"487,000,000",0.0608,1.34,"76,300",0.941,-0.092,DSO,******,0.00277
3,92.042,10.0002,2.51E+00,0.4,7.82E+05,0.0999,3.18751,7.83E+08,7.82E+08,4.35E+07,"312,000,000",0.0557,1.34,"77,300",0.993,0.45,DSO,******,0.00106
4,107,10.0003,3.98E+00,0.634,7.92E+05,0.0999,2.92095,7.93E+08,7.92E+08,4.04E+07,"199,000,000",0.051,1.34,"78,300",0.98,-0.547,DSO,******,0.00274
5,118.93,10.0002,6.31E+00,1,8.01E+05,0.0999,2.70733,8.02E+08,8.01E+08,3.79E+07,"127,000,000",0.0473,1.34,"79,200",1.03,0,DSO,******,0
6,128.51,10.0002,1.00E+01,1.59,8.09E+05,0.0999,2.5368,8.10E+08,8.09E+08,3.58E+07,"81,000,000",0.0443,1.34,"80,000",1.02,-0.385,DSO,******,0.00267
7,136.21,10.0002,1.58E+01,2.52,8.17E+05,0.0999,2.4106,8.18E+08,8.17E+08,3.44E+07,"51,600,000",0.0421,1.34,"80,700",1,-0.27,DSO,******,0.0026
8,142.69,10.0002,2.51E+01,4,8.24E+05,0.0999,2.28949,8.25E+08,8.24E+08,3.30E+07,"32,800,000",0.04,1.34,"81,400",0.887,4.08,DSO,******,0.0034
9,148.05,10.0002,3.98E+01,6.34,8.30E+05,0.0998,2.18725,8.32E+08,8.31E+08,3.18E+07,"20,900,000",0.0382,1.34,"82,100",1.16,-3.4,DSO,******,0.00298
10,152.55,10.0002,6.31E+01,10,8.37E+05,0.0998,2.10479,8.39E+08,8.38E+08,3.08E+07,"13,300,000",0.0368,1.34,"82,700",0.948,0.146,DSO,******,0.0025
11,157.06,10.0002,1.00E+02,15.9,8.45E+05,0.0999,2.02253,8.46E+08,8.46E+08,2.99E+07,"8,460,000",0.0353,1.34,"83,500",0.971,1.31,DSO,******,0.00231
,,,,,,,,,,,,,,,,,,,
データシリーズの情報,,,,,,,,,,,,,,,,,,,
名前:,,,2022_1114_freq 1 to 100_temp 60 to 100 step 10 12,,,,,,,,,,,,,,,,
サンプル:,,,3chain_cat_1%,,,,,,,,,,,,,,,,
使用者:,,,sasaki,,,,,,,,,,,,,,,,
インターバルの数:,,,1,,,,,,,,,,,,,,,,
アプリケーション:,,,RHEOPLUS/32 Multi16 V3.40 21000091-35633,,,,,,,,,,,,,,,,
装置:,,,MCR301 SN82000000; ID80924104; FW3.51D090908; Slot3; Adj17d,,,,,,,,,,,,,,,,
測定日/時間:,,,2022/11/14; 13:16 午後,,,,,,,,,,,,,,,,
測定治具:,,,PP08-SN23708; [d=0.1 mm],,,,,,,,,,,,,,,,
アクセス,,,TU1=CTD600-SN80897712; DevCOM1=TC30-SN80897712,,,,,,,,,,,,,,,,
,,,,,,,,,,,,,,,,,,,
定数の計算:,,,,,,,,,,,,,,,,,,,
- 標準 Csr [min/s]:,,,0.41648094,,,,,,,,,,,,,,,,
- 標準 Css [Pa/mNm]:,,,"10,120.00",,,,,,,,,,,,,,,,
- 開始待機時間 [s]:,,,452.978,,,,,,,,,,,,,,,,
- 物質の密度 [rho]:,,,"1,000",,,,,,,,,,,,,,,,
- 測定のタイプ:,,,1,,,,,,,,,,,,,,,,
- モーター調整係数:,,,1,,,,,,,,,,,,,,,,
,,,,,,,,,,,,,,,,,,,
インターバル:,,,1,,,,,,,,,,,,,,,,
データポイント数:,,,11,,,,,,,,,,,,,,,,
,,,,,,,,,,,,,,,,,,,
時間設定:,,,11 測定点数,,,,,,,,,,,,,,,,
測定条件:,,,,,,,,,,,,,,,,,,,
#REF!,,,振り角 gamma = 0.1 %,,,,,,,,,,,,,,,,
,,,角周波数 omega = 1 ... 100 rad/s 対数; |傾き| = 5 点 / 桁 ,,,,,,,,,,,,,,,,
  ????????,,,FN = 1 N,,,,,,,,,,,,,,,,
,,,,,,,,,,,,,,,,,,,
測定点数,時間,温度,角周波数,周波数,せん断応力,ひずみ,位相角,複素弾性率,貯蔵弾性率,損失弾性率,複素粘度,損失正接,??????,???,????????,速度,ステータス,緩和弾性率,リフト速度/ギャップ
,[s],[°C],[1/s],[Hz],[Pa],[%],[°],[Pa],[Pa],[Pa],[Pa・s],[1],[mm],[μNm],[N],[μm/s],[],[Pa],[1/s]
1,51.092,5.00039,1.00E+00,0.159,8.25E+05,0.1,2.3818,8.24E+08,8.24E+08,3.43E+07,"824,000,000",0.0416,1.34,"81,500",0.988,0.475,DSO,******,0.00166
2,75.073,5.00036,1.58E+00,0.252,8.31E+05,0.0999,2.19463,8.32E+08,8.32E+08,3.19E+07,"525,000,000",0.0383,1.34,"82,200",1.01,0.22,DSO,******,0.00104
3,93.938,5.00026,2.51E+00,0.4,8.38E+05,0.0999,2.09892,8.39E+08,8.38E+08,3.07E+07,"334,000,000",0.0366,1.34,"82,800",1.02,0,DSO,******,0
4,108.9,5.00029,3.98E+00,0.634,8.45E+05,0.1,1.98604,8.45E+08,8.44E+08,2.93E+07,"212,000,000",0.0347,1.34,"83,500",1.04,-0.282,DSO,******,0.00116
5,120.83,5.00026,6.31E+00,1,8.51E+05,0.1,1.92343,8.51E+08,8.51E+08,2.86E+07,"135,000,000",0.0336,1.34,"84,100",1.06,-1.1,DSO,******,0.000885
6,130.4,5.00026,1.00E+01,1.59,8.57E+05,0.1,1.86945,8.57E+08,8.57E+08,2.80E+07,"85,700,000",0.0326,1.34,"84,700",0.995,0,DSO,******,0
7,138.11,5.00023,1.58E+01,2.52,8.62E+05,0.0999,1.82111,8.63E+08,8.62E+08,2.74E+07,"54,400,000",0.0318,1.34,"85,200",1.11,-3.5,DSO,******,0.00327
8,144.59,5.00023,2.51E+01,4,8.67E+05,0.0999,1.77971,8.68E+08,8.67E+08,2.70E+07,"34,500,000",0.0311,1.34,"85,700",1.03,-2.14,DSO,******,0.00167
9,149.95,5.00023,3.98E+01,6.34,8.72E+05,0.0998,1.74471,8.74E+08,8.73E+08,2.66E+07,"21,900,000",0.0305,1.34,"86,200",1.02,-3.23,DSO,******,0.00268
10,154.45,5.00023,6.31E+01,10,8.78E+05,0.0998,1.71527,8.79E+08,8.79E+08,2.63E+07,"13,900,000",0.0299,1.34,"86,700",0.942,-0.417,DSO,******,0.00376
11,158.96,5.00026,1.00E+02,15.9,8.85E+05,0.1,1.68123,8.85E+08,8.85E+08,2.60E+07,"8,850,000",0.0294,1.34,"87,500",1.02,-3.14,DSO,******,0.00299
,,,,,,,,,,,,,,,,,,,
データシリーズの情報,,,,,,,,,,,,,,,,,,,
名前:,,,2022_1114_freq 1 to 100_temp 60 to 100 step 10 13,,,,,,,,,,,,,,,,
サンプル:,,,3chain_cat_1%,,,,,,,,,,,,,,,,
使用者:,,,sasaki,,,,,,,,,,,,,,,,
インターバルの数:,,,1,,,,,,,,,,,,,,,,
アプリケーション:,,,RHEOPLUS/32 Multi16 V3.40 21000091-35633,,,,,,,,,,,,,,,,
装置:,,,MCR301 SN82000000; ID80924104; FW3.51D090908; Slot3; Adj17d,,,,,,,,,,,,,,,,
測定日/時間:,,,2022/11/14; 13:26 午後,,,,,,,,,,,,,,,,
測定治具:,,,PP08-SN23708; [d=0.1 mm],,,,,,,,,,,,,,,,
アクセス,,,TU1=CTD600-SN80897712; DevCOM1=TC30-SN80897712,,,,,,,,,,,,,,,,
,,,,,,,,,,,,,,,,,,,
定数の計算:,,,,,,,,,,,,,,,,,,,
- 標準 Csr [min/s]:,,,0.41648094,,,,,,,,,,,,,,,,
- 標準 Css [Pa/mNm]:,,,"10,120.00",,,,,,,,,,,,,,,,
- 開始待機時間 [s]:,,,451.262,,,,,,,,,,,,,,,,
- 物質の密度 [rho]:,,,"1,000",,,,,,,,,,,,,,,,
- 測定のタイプ:,,,1,,,,,,,,,,,,,,,,
- モーター調整係数:,,,1,,,,,,,,,,,,,,,,
,,,,,,,,,,,,,,,,,,,
インターバル:,,,1,,,,,,,,,,,,,,,,
データポイント数:,,,11,,,,,,,,,,,,,,,,
,,,,,,,,,,,,,,,,,,,
時間設定:,,,11 測定点数,,,,,,,,,,,,,,,,
測定条件:,,,,,,,,,,,,,,,,,,,
#REF!,,,振り角 gamma = 0.1 %,,,,,,,,,,,,,,,,
,,,角周波数 omega = 1 ... 100 rad/s 対数; |傾き| = 5 点 / 桁 ,,,,,,,,,,,,,,,,
  ????????,,,FN = 1 N,,,,,,,,,,,,,,,,
,,,,,,,,,,,,,,,,,,,
測定点数,時間,温度,角周波数,周波数,せん断応力,ひずみ,位相角,複素弾性率,貯蔵弾性率,損失弾性率,複素粘度,損失正接,??????,???,????????,速度,ステータス,緩和弾性率,リフト速度/ギャップ
,[s],[°C],[1/s],[Hz],[Pa],[%],[°],[Pa],[Pa],[Pa],[Pa・s],[1],[mm],[μNm],[N],[μm/s],[],[Pa],[1/s]
1,50.736,0.00036,1.00E+00,0.159,8.61E+05,0.1,1.88279,8.61E+08,8.60E+08,2.83E+07,"861,000,000",0.0329,1.34,"85,100",0.993,0.52,DSO,******,0.00167
2,74.717,0.00039,1.58E+00,0.252,8.66E+05,0.1,1.74816,8.66E+08,8.66E+08,2.64E+07,"547,000,000",0.0305,1.34,"85,600",1.04,-0.207,DSO,******,0.000969
3,93.582,0.00032,2.51E+00,0.4,8.71E+05,0.0999,1.7192,8.72E+08,8.72E+08,2.62E+07,"347,000,000",0.03,1.34,"86,100",1.01,0.499,DSO,******,0.00165
4,108.54,0.00026,3.98E+00,0.634,8.77E+05,0.1,1.67614,8.77E+08,8.77E+08,2.57E+07,"220,000,000",0.0293,1.34,"86,700",0.919,2.29,DSO,******,0.00206
5,120.47,0.00023,6.31E+00,1,8.82E+05,0.0999,1.64269,8.82E+08,8.82E+08,2.53E+07,"140,000,000",0.0287,1.34,"87,100",0.985,0.0515,DSO,******,0.00196
6,130.05,0.00029,1.00E+01,1.59,8.87E+05,0.0999,1.6126,8.88E+08,8.87E+08,2.50E+07,"88,800,000",0.0282,1.34,"87,600",0.928,2.28,DSO,******,0.0018
7,137.75,0.00023,1.58E+01,2.52,8.92E+05,0.0999,1.59494,8.93E+08,8.92E+08,2.48E+07,"56,300,000",0.0278,1.34,"88,100",1.1,-0.735,DSO,******,0.000549
8,144.23,0.0002,2.51E+01,4,8.96E+05,0.0999,1.57904,8.98E+08,8.97E+08,2.47E+07,"35,700,000",0.0276,1.34,"88,600",1.08,-2.03,DSO,******,0.00186
9,149.59,0.00017,3.98E+01,6.34,9.01E+05,0.0999,1.56905,9.02E+08,9.02E+08,2.47E+07,"22,700,000",0.0274,1.34,"89,100",1.04,-1.17,DSO,******,0.00103
10,154.09,0.00023,6.31E+01,10,9.06E+05,0.0999,1.56159,9.08E+08,9.07E+08,2.47E+07,"14,400,000",0.0273,1.34,"89,600",0.977,-0.0904,DSO,******,0.00186
11,158.6,0.00023,1.00E+02,15.9,9.13E+05,0.1,1.54529,9.13E+08,9.13E+08,2.46E+07,"9,130,000",0.027,1.34,"90,200",1,0.278,DSO,******,0.0019
,,,,,,,,,,,,,,,,,,,
データシリーズの情報,,,,,,,,,,,,,,,,,,,
名前:,,,2022_1114_freq 1 to 100_temp 60 to 100 step 10 14,,,,,,,,,,,,,,,,
サンプル:,,,3chain_cat_1%,,,,,,,,,,,,,,,,
使用者:,,,sasaki,,,,,,,,,,,,,,,,
インターバルの数:,,,1,,,,,,,,,,,,,,,,
アプリケーション:,,,RHEOPLUS/32 Multi16 V3.40 21000091-35633,,,,,,,,,,,,,,,,
装置:,,,MCR301 SN82000000; ID80924104; FW3.51D090908; Slot3; Adj17d,,,,,,,,,,,,,,,,
測定日/時間:,,,2022/11/14; 13:36 午後,,,,,,,,,,,,,,,,
測定治具:,,,PP08-SN23708; [d=0.1 mm],,,,,,,,,,,,,,,,
アクセス,,,TU1=CTD600-SN80897712; DevCOM1=TC30-SN80897712,,,,,,,,,,,,,,,,
,,,,,,,,,,,,,,,,,,,
定数の計算:,,,,,,,,,,,,,,,,,,,
- 標準 Csr [min/s]:,,,0.41648094,,,,,,,,,,,,,,,,
- 標準 Css [Pa/mNm]:,,,"10,120.00",,,,,,,,,,,,,,,,
- 開始待機時間 [s]:,,,448.547,,,,,,,,,,,,,,,,
- 物質の密度 [rho]:,,,"1,000",,,,,,,,,,,,,,,,
- 測定のタイプ:,,,1,,,,,,,,,,,,,,,,
- モーター調整係数:,,,1,,,,,,,,,,,,,,,,
,,,,,,,,,,,,,,,,,,,
インターバル:,,,1,,,,,,,,,,,,,,,,
データポイント数:,,,11,,,,,,,,,,,,,,,,
,,,,,,,,,,,,,,,,,,,
時間設定:,,,11 測定点数,,,,,,,,,,,,,,,,
測定条件:,,,,,,,,,,,,,,,,,,,
#REF!,,,振り角 gamma = 0.1 %,,,,,,,,,,,,,,,,
,,,角周波数 omega = 1 ... 100 rad/s 対数; |傾き| = 5 点 / 桁 ,,,,,,,,,,,,,,,,
  ????????,,,FN = 1 N,,,,,,,,,,,,,,,,
,,,,,,,,,,,,,,,,,,,
測定点数,時間,温度,角周波数,周波数,せん断応力,ひずみ,位相角,複素弾性率,貯蔵弾性率,損失弾性率,複素粘度,損失正接,??????,???,????????,速度,ステータス,緩和弾性率,リフト速度/ギャップ
,[s],[°C],[1/s],[Hz],[Pa],[%],[°],[Pa],[Pa],[Pa],[Pa・s],[1],[mm],[μNm],[N],[μm/s],[],[Pa],[1/s]
1,50.886,-4.99974,1.00E+00,0.159,8.87E+05,0.1,1.63899,8.86E+08,8.86E+08,2.53E+07,"886,000,000",0.0286,1.34,"87,700",1.02,0.965,DSO,******,0.00194
2,74.867,-4.99971,1.58E+00,0.252,8.91E+05,0.0999,1.57814,8.92E+08,8.91E+08,2.46E+07,"563,000,000",0.0276,1.34,"88,100",0.949,1.88,DSO,******,0.00196
3,93.732,-4.9998,2.51E+00,0.4,8.96E+05,0.1,1.56594,8.96E+08,8.96E+08,2.45E+07,"357,000,000",0.0273,1.34,"88,500",1,-0.713,DSO,******,0.00137
4,108.69,-4.99971,3.98E+00,0.634,9.01E+05,0.0999,1.53553,9.02E+08,9.01E+08,2.42E+07,"226,000,000",0.0268,1.34,"89,000",1.02,-0.713,DSO,******,0.00168
5,120.62,-4.99977,6.31E+00,1,9.06E+05,0.0999,1.52492,9.07E+08,9.06E+08,2.41E+07,"144,000,000",0.0266,1.34,"89,500",1.02,-0.138,DSO,******,0.00167
6,130.19,-4.9998,1.00E+01,1.59,9.11E+05,0.1,1.50505,9.11E+08,9.11E+08,2.39E+07,"91,100,000",0.0263,1.34,"90,000",1.08,-1.87,DSO,******,0.00159
7,137.9,-4.9998,1.58E+01,2.52,9.15E+05,0.0999,1.48771,9.16E+08,9.16E+08,2.38E+07,"57,800,000",0.026,1.34,"90,400",1.03,-1.23,DSO,******,0.0016
8,144.38,-4.9998,2.51E+01,4,9.20E+05,0.0999,1.49166,9.21E+08,9.20E+08,2.40E+07,"36,700,000",0.026,1.34,"90,900",1.02,-1.33,DSO,******,0.00196
9,149.74,-4.99983,3.98E+01,6.34,9.24E+05,0.0999,1.49006,9.25E+08,9.25E+08,2.41E+07,"23,200,000",0.026,1.34,"91,300",1.01,-0.591,DSO,******,0.00173
10,154.24,-4.9998,6.31E+01,10,9.29E+05,0.0999,1.48632,9.30E+08,9.30E+08,2.41E+07,"14,700,000",0.0259,1.34,"91,800",1.01,-0.715,DSO,******,0.00193
11,158.75,-4.99977,1.00E+02,15.9,9.36E+05,0.1,1.48128,9.36E+08,9.35E+08,2.42E+07,"9,360,000",0.0259,1.34,"92,500",1.04,-2.41,DSO,******,0.00197
,,,,,,,,,,,,,,,,,,,
データシリーズの情報,,,,,,,,,,,,,,,,,,,
名前:,,,2022_1114_freq 1 to 100_temp 60 to 100 step 10 15,,,,,,,,,,,,,,,,
サンプル:,,,3chain_cat_1%,,,,,,,,,,,,,,,,
使用者:,,,sasaki,,,,,,,,,,,,,,,,
インターバルの数:,,,1,,,,,,,,,,,,,,,,
アプリケーション:,,,RHEOPLUS/32 Multi16 V3.40 21000091-35633,,,,,,,,,,,,,,,,
装置:,,,MCR301 SN82000000; ID80924104; FW3.51D090908; Slot3; Adj17d,,,,,,,,,,,,,,,,
測定日/時間:,,,2022/11/14; 13:46 午後,,,,,,,,,,,,,,,,
測定治具:,,,PP08-SN23708; [d=0.1 mm],,,,,,,,,,,,,,,,
アクセス,,,TU1=CTD600-SN80897712; DevCOM1=TC30-SN80897712,,,,,,,,,,,,,,,,
,,,,,,,,,,,,,,,,,,,
定数の計算:,,,,,,,,,,,,,,,,,,,
- 標準 Csr [min/s]:,,,0.41648094,,,,,,,,,,,,,,,,
- 標準 Css [Pa/mNm]:,,,"10,120.00",,,,,,,,,,,,,,,,
- 開始待機時間 [s]:,,,444.507,,,,,,,,,,,,,,,,
- 物質の密度 [rho]:,,,"1,000",,,,,,,,,,,,,,,,
- 測定のタイプ:,,,1,,,,,,,,,,,,,,,,
- モーター調整係数:,,,1,,,,,,,,,,,,,,,,
,,,,,,,,,,,,,,,,,,,
インターバル:,,,1,,,,,,,,,,,,,,,,
データポイント数:,,,11,,,,,,,,,,,,,,,,
,,,,,,,,,,,,,,,,,,,
時間設定:,,,11 測定点数,,,,,,,,,,,,,,,,
測定条件:,,,,,,,,,,,,,,,,,,,
#REF!,,,振り角 gamma = 0.1 %,,,,,,,,,,,,,,,,
,,,角周波数 omega = 1 ... 100 rad/s 対数; |傾き| = 5 点 / 桁 ,,,,,,,,,,,,,,,,
  ????????,,,FN = 1 N,,,,,,,,,,,,,,,,
,,,,,,,,,,,,,,,,,,,
測定点数,時間,温度,角周波数,周波数,せん断応力,ひずみ,位相角,複素弾性率,貯蔵弾性率,損失弾性率,複素粘度,損失正接,??????,???,????????,速度,ステータス,緩和弾性率,リフト速度/ギャップ
,[s],[°C],[1/s],[Hz],[Pa],[%],[°],[Pa],[Pa],[Pa],[Pa・s],[1],[mm],[μNm],[N],[μm/s],[],[Pa],[1/s]
1,50.726,-9.99964,1.00E+00,0.159,9.08E+05,0.1,1.55512,9.08E+08,9.08E+08,2.46E+07,"908,000,000",0.0271,1.34,"89,800",1.05,-2.09,DSO,******,0.00417
2,74.707,-9.99961,1.58E+00,0.252,9.13E+05,0.0999,1.47736,9.13E+08,9.13E+08,2.35E+07,"576,000,000",0.0258,1.34,"90,200",0.888,3.34,DSO,******,0.00304
3,93.572,-9.99968,2.51E+00,0.4,9.18E+05,0.0999,1.50529,9.19E+08,9.18E+08,2.41E+07,"366,000,000",0.0263,1.34,"90,700",1.08,-3.07,DSO,******,0.0033
4,108.53,-9.99974,3.98E+00,0.634,9.23E+05,0.1,1.46605,9.23E+08,9.22E+08,2.36E+07,"232,000,000",0.0256,1.34,"91,200",0.899,1.48,DSO,******,0.00338
5,120.46,-9.99974,6.31E+00,1,9.27E+05,0.1,1.47269,9.27E+08,9.27E+08,2.38E+07,"147,000,000",0.0257,1.34,"91,600",0.968,-0.52,DSO,******,0.00301
6,130.04,-9.99971,1.00E+01,1.59,9.32E+05,0.0999,1.4587,9.32E+08,9.32E+08,2.37E+07,"93,200,000",0.0255,1.34,"92,100",0.984,2.72,DSO,******,0.00226
7,137.74,-9.99977,1.58E+01,2.52,9.36E+05,0.0999,1.44792,9.37E+08,9.37E+08,2.37E+07,"59,100,000",0.0253,1.34,"92,500",0.911,4,DSO,******,0.00337
8,144.22,-9.99977,2.51E+01,4,9.41E+05,0.0999,1.44442,9.42E+08,9.41E+08,2.37E+07,"37,500,000",0.0252,1.34,"93,000",1,3.02,DSO,******,0.00392
9,149.58,-9.99977,3.98E+01,6.34,9.45E+05,0.0999,1.46676,9.46E+08,9.46E+08,2.42E+07,"23,800,000",0.0256,1.34,"93,400",1.12,-1.43,DSO,******,0.00339
10,154.08,-9.99974,6.31E+01,10,9.50E+05,0.0998,1.47724,9.51E+08,9.51E+08,2.45E+07,"15,100,000",0.0258,1.34,"93,900",1.09,-3.19,DSO,******,0.00299
11,158.59,-9.99974,1.00E+02,15.9,9.57E+05,0.1,1.48895,9.57E+08,9.56E+08,2.49E+07,"9,570,000",0.026,1.34,"94,600",0.977,-1.25,DSO,******,0.00294
